#{"env_id": "Hopper-v2", "t_start": 1534967242.5310528}
r,l,t
9.709648,11,1.098604
14.501415,25,1.193681
69.541421,58,1.412292
13.128486,17,1.474238
9.769233,15,1.537076
30.472672,31,1.644224
26.887863,32,1.768825
17.120528,23,1.858043
9.453173,22,1.939567
10.225653,15,1.991157
10.662038,18,2.055463
12.530405,16,2.111983
9.434363,12,2.160976
10.609456,25,2.256248
64.786934,64,2.500576
6.158691,10,2.534792
7.428966,14,2.592258
9.511419,13,2.640989
10.413561,14,2.692489
13.706643,14,2.745801
7.717666,14,2.801887
12.80172,19,2.876282
10.055789,14,2.925209
11.414039,18,2.995355
20.837106,22,3.084154
17.145071,25,3.184237
8.916836,16,3.243026
17.959319,18,3.315805
9.636663,16,3.374462
49.663235,40,3.526375
8.721391,18,3.586304
42.65521,44,3.758551
12.350555,15,3.81719
7.300041,10,3.857322
13.132459,13,3.906041
11.632429,14,3.957066
20.573107,21,4.04018
16.191232,21,4.117588
10.009618,15,4.176743
42.841661,35,4.307272
19.281491,37,4.450974
9.562767,14,4.500394
6.688828,14,4.551241
9.63888,12,4.597856
137.565333,69,4.874897
7.530743,14,4.933229
51.469399,37,5.083185
9.575248,17,5.147859
9.652682,13,5.198562
19.905863,18,5.267022
12.199712,14,5.319351
8.013435,11,5.365519
10.391262,14,5.422228
6.971327,11,5.465673
35.046313,37,5.605612
5.0793,9,5.641885
12.995505,19,5.717831
90.388174,59,5.936831
12.971368,14,5.989236
7.458406,15,6.047164
9.391058,11,6.086372
7.655696,10,6.121379
6.98212,11,6.157279
5.931572,9,6.189196
8.814733,18,6.248562
23.830593,21,6.32291
9.402531,12,6.371493
13.909298,25,6.463593
7.229782,12,6.508899
8.409463,12,6.558252
4.293961,7,6.584514
11.116367,35,6.716754
11.385656,25,6.81139
28.527893,24,6.895645
7.746546,11,6.938666
48.79104,37,7.086639
6.702726,16,7.145832
30.743643,31,7.256595
15.106213,17,7.315512
7.005987,9,7.34574
6.552362,10,7.3799
10.364841,30,7.482463
5.800103,9,7.516693
18.413658,23,7.599477
6.247887,12,7.645569
7.705634,14,7.702109
15.270798,17,7.762762
9.474491,33,7.89508
5.130115,12,7.939404
9.458081,21,8.019642
8.147929,11,8.061173
16.62534,16,8.120984
11.606426,14,8.171175
11.92169,13,8.214867
8.229795,14,8.260423
12.755224,30,8.376897
7.571634,20,8.455843
12.912395,19,8.524395
12.872452,19,8.592011
14.254648,15,8.645662
43.113729,33,8.77922
5.68405,9,14.623371
10.903685,14,14.718681
9.112973,16,14.805345
21.954004,26,14.931107
21.090576,29,15.074225
7.572552,14,15.125126
6.327384,10,15.160967
11.494711,14,15.210622
87.298452,57,15.46408
4.109189,11,15.506324
28.555509,41,15.683222
11.233476,13,15.730209
7.271468,10,15.764985
11.094978,17,15.831631
21.732606,24,15.917534
71.797495,62,16.135557
15.324927,21,16.211569
60.958235,46,16.372068
12.447288,21,16.443614
58.570758,42,16.630964
9.670922,13,16.67785
18.443118,43,16.840403
7.688228,10,16.882049
24.378003,23,16.975664
11.78458,31,17.089842
12.69765,14,17.14315
24.106568,22,17.222737
7.069931,15,17.28252
5.161777,8,17.312372
16.041982,19,17.384983
8.266591,12,17.428678
14.593156,19,17.502609
11.625338,27,17.610362
9.984907,15,17.668439
7.495393,10,17.70821
23.630139,21,17.789685
15.149238,18,17.861311
8.071057,11,17.904979
7.738775,11,17.946055
31.157621,36,18.085522
7.829683,12,18.133648
9.050485,11,18.173908
5.656455,10,18.209339
37.367086,62,18.456969
12.003536,25,18.550052
9.425748,12,18.594815
9.184167,18,18.663416
9.720687,16,18.724879
12.412545,17,18.789467
29.513172,24,18.885079
8.815152,13,18.937865
42.676662,34,19.073285
44.435036,34,19.194267
8.637043,14,19.243308
11.084006,13,19.296256
10.545233,12,19.345171
11.85772,16,19.408723
10.882445,12,19.454349
8.248747,11,19.493498
10.162363,13,19.539351
8.331935,11,19.583626
20.868452,21,19.667893
17.519359,21,19.752464
25.371733,25,19.848289
8.964997,15,19.907264
8.733297,15,19.974223
23.946168,25,20.071168
11.27668,16,20.134789
34.344498,41,20.293824
10.095845,14,20.35126
9.287626,11,20.394736
10.060061,14,20.442268
64.065758,44,20.623514
24.885063,34,20.792478
8.836713,14,20.848495
8.996763,13,20.905731
6.516688,11,20.94982
7.561272,9,20.985354
16.756546,19,21.066962
61.74941,46,21.262207
19.055202,18,21.335973
9.77557,20,21.41678
6.371024,18,21.490601
22.253482,22,21.580777
8.890669,14,21.639414
20.439529,20,21.723096
8.003522,13,21.773467
14.794383,16,21.829827
59.612506,50,22.015064
16.623183,18,22.07648
17.169684,19,22.159504
12.871279,14,22.219617
14.069649,16,22.281381
76.799331,50,22.487139
7.616294,21,22.582696
8.484821,11,22.624094
9.712201,13,22.67077
43.823474,37,28.052537
10.427384,14,28.103122
121.256966,69,28.352923
26.942666,25,28.454402
27.096835,25,28.557207
17.46164,20,28.634315
7.736841,12,28.683644
14.598091,16,28.745443
30.293883,25,28.856773
9.670453,11,28.898002
44.15721,34,29.035968
17.142232,16,29.103547
9.622536,17,29.183904
31.622765,26,29.295633
8.591887,13,29.348503
10.451062,17,29.413101
13.21116,13,29.463631
60.249164,42,29.640929
41.578541,31,29.778008
14.370768,18,29.84856
60.607187,41,30.002874
8.671836,13,30.046853
56.837983,34,30.175041
44.245232,31,30.30351
16.727505,18,30.376043
6.779278,10,30.416219
21.985459,27,30.526508
6.540203,10,30.571162
11.032323,17,30.636678
117.856771,75,30.929234
5.23866,8,30.959521
29.011569,28,31.067224
8.534153,11,31.110675
11.556163,14,31.164644
25.633997,22,31.247995
15.258054,20,31.332618
21.338406,19,31.405695
37.334801,34,31.550692
16.04603,14,31.608226
9.180046,16,31.674152
11.607844,13,31.726505
19.64034,18,31.793543
10.070804,14,31.85005
35.810141,31,31.971468
18.681899,17,32.037771
70.958791,54,32.257983
5.629646,9,32.290376
10.873019,21,32.370025
9.071355,11,32.413493
10.145551,13,32.466381
9.544484,21,32.551495
16.29167,17,32.61409
6.679616,13,32.664155
4.989869,10,32.698303
8.395988,14,32.751815
5.132211,10,32.789758
5.658935,8,32.824507
40.940997,45,33.006551
17.882385,36,33.138494
89.750889,51,33.335272
16.982057,19,33.413087
13.787608,16,33.47943
9.582524,15,33.538915
6.190059,13,33.590073
37.795562,29,33.711159
8.579229,16,33.776453
15.90827,20,33.855086
37.066357,34,33.994437
83.561554,51,34.208601
14.735497,22,34.299392
12.792954,18,34.372136
20.762099,21,34.452452
14.342128,15,34.518452
10.687103,26,34.626284
13.220819,16,34.691787
88.031682,55,34.91492
14.75136,16,34.973917
65.088275,51,35.176822
22.038419,20,35.254235
26.952824,22,35.343153
37.838429,34,35.473852
19.729839,33,35.602364
13.951512,14,35.654036
32.276569,27,35.760991
22.261961,23,35.848965
16.039065,17,35.918822
77.300512,45,36.097289
11.374017,16,36.161041
86.01955,52,41.489199
11.691276,13,41.538676
70.199956,44,41.6984
7.95957,10,41.737118
35.377142,30,41.858415
48.905624,34,41.999204
11.446236,12,42.052674
25.04794,28,42.164907
44.574718,27,42.277966
162.939626,85,42.635173
24.181475,23,42.726083
25.225561,24,42.822139
16.242,21,42.906914
6.367676,9,42.944009
59.735806,41,43.107267
20.077452,21,43.19049
31.563034,25,43.287972
13.301167,19,43.36421
11.388041,14,43.423932
24.233573,22,43.507373
68.74392,64,43.752795
4.971235,10,43.785678
11.155206,16,43.843361
15.858542,19,43.919058
13.23149,15,43.977239
51.822885,33,44.107059
12.153056,21,44.186919
80.273096,51,44.386247
41.121536,29,44.502152
18.263905,22,44.586599
59.385651,37,44.751754
43.377902,30,44.900435
5.829762,9,44.944715
13.782621,20,45.016541
24.041171,22,45.102287
83.027144,52,45.315199
40.048087,35,45.451324
13.053945,14,45.502835
28.998062,23,45.604213
29.861568,27,45.717933
81.166541,51,45.925492
88.49184,57,46.166819
29.27328,26,46.271015
12.724514,19,46.343283
8.672344,13,46.393534
36.962805,28,46.505232
48.121419,37,46.655992
28.235959,33,46.76871
20.835852,21,46.84295
116.622826,63,47.06119
18.126368,18,47.125109
6.284432,8,47.153841
58.457447,38,47.29139
6.913341,12,47.334389
35.836547,27,47.436196
10.360089,12,47.478444
57.531584,49,47.653968
50.121401,29,47.781678
65.806062,39,47.939629
14.961732,17,48.006212
11.326876,14,48.062304
39.408394,30,48.175493
32.938582,29,48.286774
12.609961,16,48.350573
24.113485,26,48.454383
19.504159,18,48.532467
44.476651,39,48.680074
22.84959,19,48.749487
17.34199,16,48.814318
81.015037,48,48.990014
14.394522,17,49.056922
83.287339,52,49.264164
74.434766,56,54.74438
18.33597,18,54.816475
137.995356,70,55.098042
90.768154,53,55.318116
8.543621,10,55.359828
54.626158,40,55.52162
20.494056,19,55.606698
155.886495,79,55.913026
78.097773,45,56.082155
106.221594,59,56.299065
8.801863,11,56.339301
68.123123,49,56.533977
109.972897,68,56.79345
33.335485,26,56.884077
14.799999,23,56.968264
92.115025,56,57.1826
141.015688,72,57.453172
68.184862,41,57.618697
7.418383,11,57.659073
18.437079,22,57.745609
9.275033,12,57.788919
95.145599,55,57.989478
55.340587,33,58.111238
15.711675,18,58.187502
83.416592,50,58.397245
9.996958,12,58.448728
106.806081,85,58.796755
28.200639,23,58.873853
141.30646,74,59.132787
7.674442,10,59.178058
67.850381,39,59.311498
74.284292,46,59.506304
111.487237,81,59.87263
41.181521,31,60.075544
25.393159,25,60.189071
14.108714,21,60.260926
78.490287,49,60.511434
92.289246,52,60.807233
55.210983,45,61.050941
105.763278,59,61.377126
25.630225,20,61.498224
105.17516,59,61.85686
67.991741,40,62.038092
85.847594,52,62.258249
22.097769,19,62.336785
39.73555,31,62.444337
149.256784,77,62.735242
124.704491,80,63.106431
87.211402,50,69.049124
90.473441,52,69.245686
69.816168,41,69.406915
194.686672,89,69.728943
173.734988,81,70.035193
68.640977,42,70.187674
78.579487,46,70.363612
144.69569,74,70.655339
60.386456,37,70.789327
89.119355,52,70.99064
95.099676,56,71.205889
108.243309,63,71.419677
18.096783,22,71.499592
66.103308,40,71.640835
85.078407,52,71.833585
114.651119,63,72.068051
63.266175,39,72.21733
13.537907,16,72.278616
73.141179,44,72.457356
33.267911,23,72.558689
68.79322,41,72.707527
153.46367,80,73.000554
72.993253,44,73.150471
76.138988,45,73.311213
78.148139,46,73.49169
71.006297,42,73.657666
82.278887,47,73.837217
70.341227,43,74.001828
93.445874,52,74.210155
80.433933,47,74.384735
69.100679,44,74.555311
122.46374,66,74.806813
34.770114,37,74.942113
17.299632,18,75.00857
91.283756,52,75.209068
73.586554,43,75.379972
82.735848,51,75.579364
37.621305,28,75.685992
113.375095,60,75.918597
58.319747,35,76.041755
144.21818,72,76.313073
65.133659,41,76.469597
105.913296,69,76.72339
73.13454,44,82.167672
83.055373,48,82.360862
53.348065,60,82.587182
74.660275,49,82.782151
115.815874,64,83.030313
25.492289,23,83.11772
126.351769,66,83.433431
90.317841,54,83.64814
39.501126,30,83.796493
124.822812,71,84.073124
135.220147,71,84.37325
85.892251,52,84.574082
148.9645,88,84.934714
88.889909,53,85.184687
101.79816,59,85.386546
38.88121,32,85.504285
45.411321,30,85.615241
72.565528,44,85.785905
106.884728,67,86.070724
89.603812,55,86.280441
99.466667,54,86.486996
189.296187,86,86.784104
92.573694,55,86.993244
108.154268,67,87.263823
138.806471,81,87.582065
155.437474,78,87.889753
17.665324,21,87.967152
34.496013,26,88.061297
54.903969,33,88.194201
73.698975,47,88.385895
93.860323,56,88.605913
99.615254,57,88.814692
129.057249,74,89.104076
72.065865,46,89.285221
51.288025,31,89.394341
78.353675,46,89.63308
113.316559,64,89.972432
78.788599,47,90.139528
20.724429,20,90.243079
85.092565,53,95.583181
179.862887,84,95.902804
169.098373,98,96.264786
155.698855,89,96.604288
83.426912,50,96.795836
203.020261,93,97.156386
117.068138,62,97.400323
95.153685,55,97.598392
77.751319,46,97.77544
121.695351,68,98.015168
162.072475,80,98.289993
185.49854,91,98.674306
125.039163,67,98.949348
222.290835,113,99.364185
126.383836,69,99.629577
218.518646,118,100.070195
70.715331,41,100.221997
127.576147,69,100.506715
203.447465,93,100.845172
115.559114,67,101.117567
173.967063,84,101.438228
175.869706,88,101.768617
164.016495,79,102.053176
153.232459,81,102.355807
155.961701,76,102.630635
159.755082,93,102.975888
268.742207,111,108.729521
216.422121,98,109.066768
241.500747,101,109.467816
210.489109,98,109.830524
230.943378,105,110.209856
238.295975,104,110.555411
77.31735,44,110.701921
77.522643,45,110.866706
51.363924,31,111.007241
328.653469,122,111.509309
67.922953,40,111.649919
68.970807,41,111.79751
116.745993,61,112.006089
72.345034,44,112.152046
191.306293,91,112.484331
138.334781,70,112.719321
96.174649,54,112.898907
177.984201,88,113.202615
192.996015,98,113.54807
121.337118,63,113.756213
76.525403,46,113.909752
201.531651,91,114.211764
370.860387,150,114.713697
217.480676,98,115.043255
217.068234,102,115.441013
227.018748,99,115.776891
238.492956,100,121.43687
228.136296,97,121.80302
258.281965,105,122.19371
232.193946,106,122.606626
352.695988,136,123.168476
241.852588,100,123.560814
214.224928,96,123.923522
266.47039,120,124.366246
202.863992,92,124.70394
162.971755,78,124.988735
73.044117,42,125.153901
230.07411,104,125.57498
279.874522,119,126.058104
244.013946,106,126.615542
182.330777,85,126.976743
204.509785,90,127.33529
343.010516,137,127.849678
214.814136,99,128.204173
74.451259,43,128.363228
201.437346,90,128.699785
198.05877,90,129.046292
227.518093,100,134.562177
138.887133,68,134.829119
237.276423,103,135.228373
214.012424,91,135.575986
214.256821,96,135.937587
203.436162,92,136.305199
244.212103,101,136.699609
194.761789,91,137.029316
251.918787,108,137.481238
201.943761,92,137.833049
117.795166,61,138.070763
222.483804,99,138.436224
207.965559,92,138.824275
19.85327,21,138.910564
246.882514,106,139.315405
28.815935,25,139.412617
204.349812,96,139.78846
126.425522,66,140.031864
377.295831,146,140.60183
239.786081,102,140.998797
116.755624,61,141.24012
217.217116,94,141.595331
185.567926,92,141.949853
202.550916,90,147.442786
205.78378,93,147.770692
338.660583,135,148.267493
270.370666,112,148.767434
209.223986,92,149.132549
206.868425,98,149.543671
213.410096,100,149.938423
224.738733,100,150.305123
77.777777,46,150.487723
260.259167,111,150.902559
249.880205,108,151.324304
264.103426,118,151.778713
293.72597,118,152.2388
76.911185,44,152.408577
135.05052,75,152.700213
119.887253,63,152.949338
211.978384,93,153.312091
270.050795,112,153.76457
365.676869,137,154.296402
200.831132,89,154.654002
219.143144,97,155.031619
249.539547,113,160.867188
200.271168,94,161.215425
293.959658,121,161.662717
217.360066,95,162.062897
221.326486,99,162.459923
222.384733,96,162.829263
244.212814,105,163.233034
84.207632,48,163.426252
216.311818,98,163.811786
281.744172,120,164.239681
229.15651,109,164.659885
238.763458,105,165.067271
231.432766,107,165.468329
216.175874,97,165.845378
214.042463,94,166.196321
201.743716,89,166.518504
206.672806,92,166.877007
273.556652,115,167.290013
306.309224,125,167.760033
215.48905,95,168.113578
237.654844,104,168.498167
220.989134,99,173.931298
221.445835,98,174.31501
328.195253,137,174.89044
212.751777,95,175.269117
19.956204,19,175.342855
223.372355,98,175.730203
341.313052,139,176.275306
269.159883,109,176.69782
211.155504,91,177.03475
234.952267,106,177.440459
232.91644,107,177.82576
254.088414,112,178.246333
466.427668,192,178.975422
213.020229,98,179.322084
226.75946,111,179.789464
292.869653,120,180.239677
383.331809,171,180.859854
202.720246,91,181.169202
284.528967,116,186.692158
294.898934,122,187.16694
283.72029,117,187.625559
253.22152,108,188.026284
325.620461,132,188.536675
254.378732,109,188.946059
198.608569,92,189.297519
209.153713,94,189.626552
275.686754,115,190.046382
415.740464,162,190.646412
233.69221,101,191.072735
273.48512,126,191.568269
231.95326,104,191.98548
317.171048,122,192.464658
247.414022,105,192.877258
466.166517,196,193.647736
391.198609,152,194.231182
249.359201,108,200.005327
337.712117,146,200.59094
231.284948,101,200.996848
324.920033,129,201.478207
370.460952,136,201.999863
288.880618,121,202.46967
248.852219,104,202.844597
324.414889,128,203.314343
331.168412,132,203.80835
439.418361,182,204.480813
353.807376,146,205.003245
374.058578,141,205.537322
219.979174,98,205.894055
363.431622,147,206.425344
351.14204,155,206.98658
224.742785,100,207.354371
444.494353,204,212.994746
340.044708,167,213.633583
156.423496,85,213.951946
315.498342,126,214.447393
248.662954,148,215.000493
352.735597,130,215.481669
164.390244,91,215.81527
268.199898,120,216.271658
327.965141,131,216.742937
136.161789,82,217.055561
338.494393,142,217.544024
42.859492,33,217.675115
468.884887,179,218.332467
330.097792,132,218.823714
394.557658,159,219.426624
398.856351,199,225.744801
252.23057,107,226.145612
333.390228,151,226.671819
362.030537,135,227.131432
333.970598,131,227.594818
220.116215,100,228.001254
245.869079,105,228.391953
330.164401,128,228.902263
316.002483,128,229.399244
295.9863,119,229.864337
451.880858,213,230.666189
228.499861,103,231.058275
234.700922,107,231.454246
332.923181,152,232.017519
331.189388,134,232.554015
309.068996,139,233.045272
528.166815,225,238.852337
322.414937,137,239.400046
442.89722,159,239.99505
254.197032,122,240.490217
337.348523,144,241.04472
295.849252,131,241.573816
235.988054,108,242.022778
306.556781,138,242.57182
322.464045,153,243.153166
328.261706,128,243.610978
266.622753,107,243.993377
383.980247,151,244.531832
249.525796,111,244.971564
323.91746,139,245.503503
351.869328,140,251.347985
223.54504,101,251.76733
297.733753,121,252.233677
271.814759,120,252.682754
255.679102,110,253.09775
362.640367,158,253.683372
366.273463,142,254.199768
432.404598,173,254.830889
418.73978,153,255.366665
370.678433,207,256.146185
368.825965,145,256.718688
267.834808,109,257.126255
425.256034,148,257.651536
297.255164,120,258.083506
338.938035,127,258.538351
241.771351,104,264.487241
363.311672,138,265.061118
393.518092,140,265.608171
197.55747,93,266.008655
563.467264,216,266.947868
311.956346,134,267.489828
184.983138,88,267.849821
298.202521,125,268.336426
288.528436,123,268.797169
359.844564,147,269.378175
331.590468,122,269.855783
366.340526,140,270.407014
224.678098,105,270.854007
352.997923,148,271.472776
303.825519,125,271.981781
152.958673,80,272.296365
308.046247,132,278.441247
300.560804,121,278.946704
356.836464,144,279.474521
387.382374,151,280.039554
298.248717,125,280.56377
324.569314,135,281.145977
284.303972,113,281.618187
283.201893,113,282.088837
336.35211,136,282.612687
306.733429,126,283.133224
384.555242,142,283.744605
311.428938,121,284.240614
308.477878,131,284.769856
318.282125,131,285.29755
434.458496,161,285.902601
287.045235,116,286.380846
491.460134,186,292.954279
406.955831,156,293.607644
344.854754,137,294.156083
325.509527,137,294.69078
581.563152,220,295.632679
465.357028,186,296.392751
369.213889,147,297.030122
375.890441,149,297.604472
312.218999,129,298.103772
343.850902,139,298.669143
534.547595,198,299.451074
508.928092,184,300.20438
499.498201,177,306.388651
389.102338,146,307.028923
442.665948,164,307.685196
236.80183,102,308.113081
325.457797,137,308.677772
405.75185,146,309.273745
379.48096,143,309.871764
367.442207,140,310.44853
333.847012,124,310.952402
401.113187,146,311.538202
314.141444,119,312.03457
521.2868,175,312.789584
335.970416,130,313.298035
369.817812,142,313.85218
347.518579,131,314.398147
364.21514,138,320.52639
380.290433,148,321.140794
383.876638,137,321.704496
284.860941,133,322.247779
394.92076,147,322.842311
378.065736,140,323.434637
504.760699,170,324.134837
621.303811,241,325.04973
425.719798,156,325.735673
290.44268,118,326.209794
370.729848,142,326.759468
236.52522,103,327.175209
510.987879,186,327.947883
368.332145,138,328.507772
683.656681,228,335.297455
388.071431,142,335.842501
570.963227,191,336.537423
406.180771,144,337.091934
398.932854,142,337.614937
342.488008,136,338.115098
318.91356,121,338.572603
345.355295,141,339.113339
375.138617,139,339.650273
404.518752,148,340.213491
364.489941,142,340.736546
407.570914,160,341.336634
626.553834,223,342.184295
947.999249,297,348.513344
589.475453,195,349.220959
295.892481,135,349.740869
560.052649,184,350.40978
501.50992,174,351.057011
627.416559,204,351.831816
599.881862,202,352.648637
401.188802,145,353.228353
622.000005,204,353.991008
365.749694,142,354.521993
516.244597,177,355.256299
638.532661,207,361.479155
643.765209,210,362.214862
173.965882,84,362.4979
425.982253,154,363.014159
258.37358,123,363.432084
412.291877,150,363.932829
665.956398,227,364.684809
362.388508,140,365.158081
815.764468,263,366.187896
775.693903,257,367.214826
699.069529,236,373.396588
453.022695,160,373.995266
823.840027,259,375.019659
642.993534,211,375.82181
682.324592,225,376.686816
548.718443,180,377.379164
375.485951,143,377.932417
827.942665,279,379.008857
609.488385,208,379.814576
341.135353,145,380.346263
549.633244,189,381.068901
560.278931,202,387.149307
365.303474,135,387.673036
453.049141,154,388.24954
679.364642,213,389.066665
209.671045,94,389.435717
674.320856,225,390.293729
639.733161,212,391.107947
822.486174,287,392.138124
632.375484,212,392.876176
567.022679,191,393.578725
422.699917,149,394.142017
427.812524,153,400.080837
414.866038,149,400.658833
797.336966,268,401.664681
1092.978634,360,403.134403
631.629396,198,403.87405
682.29938,219,404.707712
621.48797,199,405.507317
646.525405,210,406.273396
640.122522,204,407.062111
664.683801,223,413.127202
590.72415,211,413.900489
681.555985,222,414.730061
603.055535,195,415.481086
577.744383,200,416.208854
662.378596,215,417.066505
619.30561,220,417.94538
675.691204,216,418.746197
613.976923,203,419.595064
376.441124,133,420.114709
664.695108,220,426.485778
954.499158,301,427.632703
594.720131,200,428.364996
644.511947,214,429.205512
910.9841,305,430.338616
643.087933,205,431.102498
662.419408,220,431.906641
687.499766,222,432.747772
796.929068,257,433.702703
229.229227,102,439.464256
249.545548,112,439.935719
607.540858,207,440.86655
729.963055,228,441.821169
560.948905,182,442.547196
669.788827,226,443.514606
280.534899,127,444.00286
679.94726,223,444.909267
627.356343,216,445.767684
625.424196,198,446.596094
579.257764,201,447.453816
626.26389,218,454.057153
639.666028,197,454.876244
668.261833,226,455.777083
652.693559,216,456.610771
681.220327,218,457.519989
938.273018,312,458.783948
402.345436,145,459.362597
677.629338,218,460.221124
668.86005,214,461.118621
719.359764,233,468.152872
901.047248,275,469.201338
682.02592,223,470.06992
877.235321,274,471.137846
284.990006,127,471.62483
831.565645,279,472.662716
931.227538,298,473.795537
619.292546,196,474.574045
644.554741,209,475.3868
700.706811,228,481.80518
600.303815,231,482.675347
677.139483,228,483.550611
672.232053,214,484.370525
638.471067,207,485.128525
658.727145,214,485.919912
650.729064,206,486.647353
697.184331,223,487.47178
647.673823,209,488.241028
620.832653,211,494.578616
665.261403,228,495.443952
681.551304,208,496.21142
675.436031,218,497.004223
691.461453,230,497.854869
666.945705,213,498.68676
766.315883,242,499.561472
814.038989,262,500.562164
276.513676,129,501.019254
696.167104,231,501.87838
697.279075,235,508.528898
687.897665,250,509.523061
229.477309,117,509.996804
527.58445,170,510.637866
653.053654,210,511.406859
643.534376,230,512.270169
706.125224,226,513.033597
405.836257,143,513.517746
649.579023,224,514.300844
702.290408,237,515.148371
670.157062,221,521.556959
654.205049,211,522.371543
629.258176,216,523.224764
670.135419,220,524.026264
864.694393,274,525.073231
800.245909,269,526.076889
353.316518,131,526.587543
665.507439,220,527.427839
597.526872,189,528.124236
827.358087,284,534.370356
739.206711,233,535.217575
708.823127,227,536.084357
611.424125,195,536.806449
722.994844,236,537.711431
806.005081,251,538.664091
790.182169,244,539.572235
682.12835,223,540.370035
836.193722,259,541.367749
527.82088,190,547.588391
713.237565,247,548.768198
834.143354,268,549.907373
778.218953,253,550.999502
729.665314,224,551.876217
783.471961,251,552.949548
918.444966,282,554.129269
680.506557,220,555.019466
664.939129,214,561.762692
705.922003,238,562.713126
684.877718,217,563.581236
950.885127,303,564.817193
723.417005,230,565.723268
208.398908,98,566.153683
674.505743,221,567.059199
772.431636,244,568.113642
700.245555,225,568.984447
722.477579,234,575.401709
690.521346,215,576.384269
738.35007,239,577.410357
733.522045,233,578.444803
887.876222,283,579.647701
645.593626,199,580.520561
718.780938,224,581.424607
782.391857,251,582.472033
716.76976,225,583.385561
657.269323,212,590.11504
790.540991,244,591.106694
683.271,221,592.025913
686.749831,213,592.913085
226.220075,100,593.350771
956.957974,294,594.519031
930.677645,297,595.690852
560.243937,206,596.558921
906.248163,279,597.686091
222.828934,102,598.098177
769.029142,252,605.105977
755.602815,239,606.089225
664.369306,203,606.933575
652.304951,205,607.77522
978.936939,325,609.138451
751.183037,233,610.083026
813.28997,248,611.116071
818.343411,266,612.200392
853.716467,278,619.258008
807.108581,282,620.485473
761.855949,233,621.409341
693.479724,212,622.319451
930.326653,294,623.576223
620.615659,193,624.405047
904.676069,281,625.502884
687.445656,213,626.400643
753.751531,232,632.933786
987.629234,296,634.129872
737.709513,226,635.08218
774.583121,236,636.104014
860.697149,276,637.188969
710.198268,219,638.056564
657.580689,218,638.955739
988.125556,304,640.193662
821.468102,251,646.875739
220.689711,103,647.314814
790.11226,238,648.327744
680.222877,213,649.207659
780.985191,235,650.134121
796.476747,242,651.078327
1067.789771,324,652.349849
877.227207,273,653.44559
887.244961,285,654.627286
841.139004,258,661.616421
700.13524,224,662.470776
715.183446,223,663.368492
966.891479,299,664.623562
710.312694,225,665.475918
692.816855,211,666.226499
850.141218,263,667.349273
787.282255,239,668.320633
597.080991,190,669.079229
940.835186,293,676.15876
975.284364,302,677.374494
699.466184,217,678.290543
579.128359,181,679.079018
711.7996,215,679.968131
708.265287,215,680.861712
735.539157,223,681.763937
765.687645,235,682.719866
73.905464,45,682.906882
905.375974,298,690.047556
926.4951,299,691.228417
844.799843,244,692.207795
712.915302,220,693.118941
860.598627,262,694.098882
816.633168,250,695.112092
681.504873,210,695.937433
395.0953,150,696.518152
674.920928,219,697.358121
804.254139,247,704.245306
724.225134,222,705.135994
821.353775,250,706.174857
642.543066,202,707.003725
811.711078,246,707.968044
258.606433,128,708.480503
766.81518,230,709.405057
793.272754,233,710.317442
281.905555,129,710.845849
239.096461,104,711.262206
231.925098,116,717.319497
685.964792,215,718.170672
707.571609,213,719.056324
255.328138,119,719.544008
113.883052,60,719.786265
224.966452,102,720.194465
830.385556,252,721.218581
266.173886,108,721.661538
821.548197,250,722.656036
539.654286,199,723.494793
280.751309,121,724.004012
920.164596,286,725.157825
998.50255,295,732.04244
825.069334,296,733.308496
801.153531,234,734.232263
701.215942,215,735.105038
816.66982,244,736.073829
660.245225,204,736.884966
812.712327,251,737.862036
922.747274,281,739.008951
925.362089,305,745.872424
1255.359368,388,747.503462
752.672403,227,748.474146
620.395851,213,749.358973
864.531341,261,750.392194
825.206755,247,751.349662
773.213053,242,752.349225
457.068433,175,753.04379
965.544006,302,759.948379
758.595106,234,760.861158
767.021471,240,761.864944
700.79964,213,762.751557
1044.468067,313,764.017009
716.534749,216,764.890329
926.040158,282,766.021801
701.037805,217,766.875794
717.354459,220,773.972638
393.182349,146,774.578552
237.448646,105,775.04466
698.083169,234,776.036626
798.056446,257,777.055928
739.756657,245,778.080718
417.971731,159,778.745421
824.181745,243,779.778787
626.133833,192,780.606599
648.012801,202,781.495449
958.254866,291,788.660659
732.31813,220,789.632843
823.07996,247,790.657506
739.641204,242,791.676162
988.595639,307,792.894125
741.321759,234,793.877509
541.505049,175,794.641686
746.663123,259,795.760089
873.752714,265,802.97286
775.656774,263,804.096171
926.43013,291,805.317986
981.065897,308,806.568531
1007.444143,319,807.819078
835.76787,253,808.824807
735.806896,240,809.896233
1055.891011,330,811.363454
517.59453,189,818.565765
835.04293,242,819.59712
1002.012284,321,820.969271
783.971941,235,821.964373
832.060655,261,823.032047
364.708764,146,823.718532
972.850116,303,824.985978
746.274217,228,825.913316
720.103448,221,832.280322
770.5662,232,833.230344
149.620671,92,833.643574
890.266128,276,834.768463
585.386479,194,835.606571
981.187146,298,836.857228
790.72047,245,837.931072
896.261619,271,839.076418
766.003354,235,840.127774
272.211561,124,840.646814
820.961356,253,847.512828
429.940056,150,848.133977
652.071681,226,849.120903
831.895842,252,850.198318
416.781873,166,850.946559
626.289206,208,851.928366
777.914116,246,852.966541
798.47488,262,854.07759
562.045132,178,854.830791
673.390683,206,861.40287
483.840907,177,862.154468
806.108592,255,863.240236
616.999094,198,864.072268
919.607246,281,865.264204
825.900102,263,866.335021
652.554866,215,867.235028
730.051437,230,868.191426
491.960379,166,868.873408
417.80593,146,869.436111
601.758106,195,875.848088
947.491561,288,877.033072
756.668499,244,878.068517
748.670107,228,879.013708
817.048968,250,880.068638
398.042757,138,880.612003
513.331959,169,881.279045
256.132804,105,881.701694
718.517987,218,882.579179
531.475136,176,883.280104
882.494364,274,889.99455
779.487544,233,890.920777
879.628826,274,892.051719
916.80649,281,893.208143
626.860055,195,894.012142
642.43874,198,894.735716
1002.811788,303,895.894538
717.195862,223,896.81357
763.612199,229,903.665542
798.332662,231,904.598745
625.743347,194,905.387487
574.487724,182,906.167536
785.100194,233,907.123185
1016.801183,316,908.459409
713.293348,218,909.401314
936.812863,306,910.808047
732.225816,222,911.891598
1003.939998,305,919.303793
886.445015,250,920.324057
974.464565,293,921.61163
892.176928,281,922.77634
1295.25174,385,924.359944
788.411508,237,925.359954
630.452172,198,926.153331
1323.921037,386,933.975506
1065.412666,314,935.472878
904.407858,304,936.850875
1048.791941,309,938.315581
1071.708117,327,939.68902
1290.990058,391,941.389779
1039.91748,314,948.673471
551.561275,210,949.58522
1032.554129,308,951.002576
1016.437818,297,952.286715
1040.845676,322,953.633695
1041.658294,317,954.967527
1031.848254,305,956.164646
632.533802,229,963.056188
608.01807,223,963.985301
1106.0661,340,965.455124
1098.529023,325,966.801067
655.636052,205,967.631758
295.533004,135,968.185905
301.945679,138,968.741278
319.924793,134,969.30962
1096.921735,328,970.737775
1023.775221,300,978.147761
991.697925,325,979.455148
876.450345,250,980.489491
753.045435,225,981.404205
907.902608,272,982.515042
816.238621,248,983.529259
708.285936,211,984.529839
1077.955873,320,986.088128
882.416217,265,993.579194
728.242969,239,994.530265
938.35271,303,995.782319
606.524778,222,996.674648
1035.680642,310,997.939824
706.452416,247,998.957535
1179.602554,380,1000.455208
957.393381,295,1007.410331
872.637964,285,1008.572905
978.808912,298,1009.789587
869.173357,265,1010.83018
874.192792,251,1011.838952
990.156862,300,1013.060078
1018.55937,305,1014.288961
894.601469,249,1021.005752
897.548323,305,1022.216705
579.980389,181,1023.00503
735.490893,223,1023.865215
889.031237,314,1025.098086
1003.885961,295,1026.295713
1368.084027,433,1028.045854
902.912208,268,1034.736763
896.321125,269,1035.802972
817.356651,265,1036.901555
938.046777,302,1038.124959
772.779104,234,1039.094909
853.018332,263,1040.109155
1028.400167,300,1041.296049
670.407228,205,1042.093984
1151.600171,337,1049.334781
1205.700772,391,1051.020616
705.416921,219,1051.872787
1054.229652,321,1053.113376
311.221363,138,1053.665483
790.77574,240,1054.567548
1056.553189,312,1055.801385
749.022872,227,1056.693727
1116.981143,324,1063.813503
983.191844,300,1065.023801
945.024174,301,1066.223391
834.738829,242,1067.211724
1017.463752,325,1068.514091
758.512065,236,1069.449438
809.971935,243,1070.456013
727.636002,232,1077.233329
964.106204,306,1078.443211
918.259542,268,1079.493662
1024.126018,306,1080.730447
1035.20341,332,1082.094324
850.636708,244,1083.070526
1082.075287,331,1084.423286
293.24315,126,1084.907652
849.275872,260,1091.8563
952.659783,312,1093.045466
723.287285,241,1094.057784
850.464922,311,1095.331962
753.116544,229,1096.286867
788.249451,233,1097.202861
832.733158,243,1098.170565
819.001698,240,1105.41607
629.42878,197,1106.206341
757.49173,225,1107.118489
1090.479289,348,1108.493436
861.32017,265,1109.547786
719.61585,218,1110.423389
962.961203,297,1111.639909
841.48491,259,1112.711129
1086.33473,328,1119.832539
715.04178,255,1120.85423
1054.019067,310,1122.109591
913.625118,278,1123.222586
1125.201558,337,1124.611744
893.34521,267,1125.70167
803.354059,237,1126.623476
728.900979,219,1127.530154
1329.899676,404,1134.967677
839.62004,244,1135.957204
1159.361264,336,1137.251919
739.143762,221,1138.125365
693.161981,239,1139.05396
970.686114,299,1140.269562
579.68947,180,1140.999951
762.17286,232,1147.707267
802.942953,232,1148.634364
822.890158,252,1149.675599
1098.118839,327,1151.059306
1054.77091,316,1152.322354
1036.325521,303,1153.492978
753.277943,223,1154.286185
546.80914,198,1155.06747
779.962836,230,1161.723825
1036.28119,307,1163.020429
1142.80213,358,1164.362878
1095.662993,335,1165.728454
1119.813015,319,1166.998316
846.375746,242,1167.928605
837.698173,248,1168.930349
1014.32622,315,1176.199175
1305.837172,393,1177.845054
935.001183,275,1178.934914
887.238419,260,1179.977221
820.274198,276,1181.110865
629.346829,197,1181.922896
957.44042,300,1183.146414
1065.239389,319,1190.117605
323.064312,141,1190.672596
828.785585,247,1191.682213
1047.412461,306,1192.919728
672.865483,204,1193.738895
820.283443,245,1194.742645
874.371622,251,1195.721846
1114.135884,323,1197.036498
569.3411,177,1197.772864
574.0337,205,1204.38607
983.36462,298,1205.59559
1081.96314,315,1206.838223
823.591097,252,1207.822173
891.904487,270,1208.88821
857.5958,296,1210.125714
1059.34994,308,1211.339793
580.66897,188,1217.720982
1176.347856,334,1219.066179
788.735661,237,1219.995246
1077.534566,322,1221.27808
980.48638,292,1222.441842
1081.194766,313,1223.681849
940.250562,278,1224.825218
466.84368,166,1225.536707
881.911997,264,1233.854701
805.93265,282,1235.062097
1212.01965,359,1236.608298
456.560928,166,1237.293257
730.145511,217,1238.147705
752.70297,227,1239.020358
816.435053,244,1239.989916
1183.311151,342,1247.118713
301.200517,129,1247.693704
1313.060061,390,1249.460739
1017.671589,308,1250.769194
755.681026,226,1251.704239
1104.661748,328,1253.085748
996.793404,289,1254.276957
1118.847465,338,1255.596833
923.902262,280,1262.607137
771.872811,229,1263.589107
919.820213,278,1264.78943
896.296206,261,1265.880672
823.458015,238,1266.880732
989.087847,297,1268.139077
1123.517608,337,1269.577831
864.216614,259,1276.51802
759.33183,235,1277.491235
1270.574428,388,1278.98317
742.474855,223,1279.878687
729.389525,224,1280.785402
877.563648,256,1281.808271
1053.594252,308,1283.043885
680.799808,219,1283.914971
442.154764,150,1290.395591
751.063454,226,1291.338097
1061.304762,311,1292.630678
891.358214,258,1293.637916
807.026929,235,1294.539767
896.725727,263,1295.594617
835.900454,250,1296.603898
949.211644,289,1297.795217
961.464751,287,1304.520417
903.610156,256,1305.546421
587.425499,197,1306.316575
943.933931,282,1307.434752
1141.349591,343,1308.842985
1001.507104,307,1310.037457
1133.655299,321,1311.397741
568.013412,198,1318.02691
1029.48931,299,1319.24161
1025.792926,308,1320.449448
896.50048,261,1321.525662
1008.227767,303,1322.773883
925.356615,269,1323.938227
1092.982913,319,1325.233318
1068.717659,310,1332.42941
1231.980633,361,1333.99141
821.902534,238,1334.963447
974.794933,288,1336.095202
789.16465,236,1337.118896
948.415676,278,1338.207451
1360.502797,404,1339.849126
726.625622,223,1347.033196
1113.871482,324,1348.393097
1013.587266,312,1349.766252
1058.977504,307,1351.029409
1454.374739,423,1352.807357
934.417789,277,1353.913639
1249.89912,354,1355.336688
1031.417965,305,1362.528577
1370.29259,404,1364.280327
1170.002159,339,1365.602732
966.587695,278,1366.721839
1109.524349,311,1367.95602
1065.021171,306,1369.1972
977.725725,286,1376.232325
859.141673,254,1377.283042
905.343275,267,1378.318192
924.779738,266,1379.421107
1297.591293,381,1380.917796
894.486861,251,1381.959337
1107.908587,320,1383.267287
788.242815,247,1390.044315
1241.286542,354,1391.497823
423.487723,161,1392.179832
918.53392,273,1393.229496
1191.638043,337,1394.613489
957.554045,280,1395.732057
1493.333545,413,1397.326006
975.413527,295,1404.474753
1092.231119,317,1405.749791
903.32304,262,1406.849503
1211.001061,360,1408.300017
981.071553,285,1409.408379
1056.201168,301,1410.605497
898.790026,265,1411.642984
1004.260205,306,1418.80227
1109.879011,320,1420.146693
1386.381446,396,1421.695234
1042.445485,305,1422.887298
1145.910081,317,1424.164622
685.666282,213,1424.983093
1209.343809,343,1432.287466
1009.132327,311,1433.515177
1199.082793,368,1434.989775
1235.453333,365,1436.455835
1082.987437,305,1437.675951
1038.961792,300,1438.900097
1214.73679,351,1440.362079
1092.98752,309,1447.630255
1234.470362,347,1448.994503
1118.414923,348,1450.328028
951.590691,274,1451.403475
1062.798276,300,1452.594609
870.018581,256,1453.577838
842.18947,238,1460.249669
1232.060165,348,1461.664163
1255.371529,370,1463.175666
1055.922173,322,1464.433643
1322.084644,391,1466.009917
1711.788583,487,1467.918514
589.218118,223,1474.730594
1068.534831,310,1476.02823
1277.904071,372,1477.78971
314.897116,133,1478.426369
826.977993,275,1479.617036
882.615818,289,1480.834463
1057.663912,308,1482.056114
1150.54788,348,1489.323454
1075.033181,320,1490.691493
1220.979306,338,1492.117602
1614.934776,449,1494.088336
690.975846,210,1494.980389
1904.063747,537,1497.24682
1252.641323,361,1504.623145
1104.199864,334,1506.063261
641.01932,231,1507.058452
1227.321937,352,1508.627928
1246.302276,368,1510.239644
906.492638,287,1511.531733
797.523623,274,1518.589656
1104.979888,313,1519.860375
880.923036,257,1520.889862
946.450559,287,1522.067772
1508.86532,420,1523.759145
953.108312,277,1524.806475
1248.123497,352,1526.204336
1377.559398,388,1533.660485
757.414313,229,1534.631187
1205.00952,352,1536.082307
540.611378,189,1536.876381
939.40629,270,1538.007946
907.164039,277,1539.139598
917.119123,272,1540.266026
606.138768,203,1547.155016
1114.539821,320,1548.478107
1205.600231,342,1549.87994
866.94229,266,1550.945205
1549.421417,449,1552.71923
977.129164,286,1553.917412
1208.446847,348,1561.234163
597.52979,186,1562.021213
1087.435855,321,1563.334033
1216.667767,339,1564.767446
1222.241146,343,1566.13802
1340.888582,390,1567.669107
1125.396443,317,1568.923055
832.649434,250,1576.03262
1007.2384,298,1577.237766
1770.632907,497,1579.187829
1182.154408,345,1580.565436
1362.360561,392,1582.247757
865.945696,269,1583.375186
1109.194935,322,1590.540731
1026.828959,302,1591.832444
933.915707,288,1592.984162
674.222458,214,1593.87674
939.302109,273,1594.957875
1244.167046,347,1596.412956
1202.552019,343,1597.788545
1149.182519,332,1605.086131
898.997652,256,1606.160676
566.602637,205,1606.963923
651.823159,212,1607.824052
682.461473,213,1608.689845
884.889529,256,1609.742292
893.74107,273,1610.824512
1531.489351,429,1618.414335
1237.083886,351,1619.845797
1129.115418,335,1621.175563
1200.909467,344,1622.603555
592.847359,203,1623.406188
1787.821537,508,1625.517049
305.346105,124,1626.032777
1237.853069,348,1633.252705
1174.12221,342,1634.635423
1263.051357,363,1636.122986
1102.563669,310,1637.368558
924.412921,283,1638.532839
1073.619623,316,1639.821077
1778.856057,494,1647.745469
840.895439,260,1648.948272
1330.021247,379,1650.44542
873.428914,266,1651.52783
933.898112,267,1652.640115
1144.363969,322,1653.944817
526.03664,193,1654.714337
1187.493985,334,1662.019957
870.59899,262,1663.193554
862.904305,278,1664.245293
1224.083063,340,1665.61946
916.992325,268,1666.72063
826.371918,275,1667.792366
1258.33367,344,1669.205599
736.998348,220,1676.047349
1157.829241,334,1677.425959
1239.254911,351,1678.854551
1484.233387,435,1680.633643
1155.588574,338,1681.980736
882.790712,268,1683.048063
900.434766,262,1689.872951
1551.211154,426,1691.606421
823.576809,238,1692.592869
1758.91223,486,1694.579806
1250.051898,362,1696.068346
1177.799082,345,1697.436678
1543.6726,437,1705.285184
1769.477289,502,1707.472579
1325.575571,391,1709.135412
2074.766071,575,1711.499016
1136.96146,323,1719.413352
1521.903592,434,1721.263149
1141.838323,338,1722.713633
1262.473713,361,1724.208388
1103.613435,345,1725.729509
1106.199335,319,1727.005147
2524.933113,710,1736.459074
913.169001,270,1737.726867
1272.789167,353,1739.355397
969.433419,289,1740.599993
1070.062975,322,1741.971314
907.014112,272,1749.352242
1309.732435,370,1750.828307
1224.350285,338,1752.300633
938.291597,284,1753.487052
855.908175,270,1754.643608
972.557414,287,1755.870207
707.29565,237,1756.816495
1158.918878,328,1764.397699
1522.198361,438,1766.270828
881.46377,267,1767.470873
1667.517074,463,1769.363836
786.156044,254,1770.388341
999.269272,298,1771.689303
980.952317,285,1779.698098
1245.149141,356,1781.248635
639.912848,205,1782.174718
1091.6532,319,1783.588782
1327.361543,381,1785.129613
1266.717016,363,1786.683589
810.164053,258,1787.8115
1343.604944,385,1795.716288
1311.046778,372,1797.211702
1480.420479,412,1798.865911
1236.364968,351,1800.291902
1672.273456,468,1802.238097
1214.25704,355,1809.892211
1180.140469,339,1811.474432
1715.154158,477,1813.567662
795.659305,236,1814.528842
1232.104221,355,1815.965608
1153.574188,328,1817.309029
746.082091,243,1824.37999
1247.231665,356,1825.862537
706.495077,234,1826.766738
1788.850369,502,1828.76926
711.800427,236,1829.832789
763.756869,232,1830.828012
1192.056996,342,1832.170477
774.725652,246,1839.016225
2450.458618,682,1841.962168
972.319696,291,1843.166611
1011.924606,296,1844.39708
804.815422,260,1845.416479
957.29322,291,1846.565489
1360.096118,381,1853.904198
1080.822289,309,1855.20056
920.591706,264,1856.283484
1071.328941,312,1857.539495
2289.083346,640,1860.182781
1037.642838,313,1867.452685
1288.881225,373,1868.946631
1056.225597,307,1870.20885
869.869574,265,1871.273236
878.199792,271,1872.396783
1575.275622,453,1874.211312
858.37796,270,1881.37301
1173.494294,347,1882.821751
859.760976,266,1884.055562
914.844911,262,1885.263994
1997.764576,544,1887.522859
1085.533135,305,1889.003058
1152.273916,349,1896.788867
1277.692561,365,1898.299805
611.896622,211,1899.164941
682.869265,233,1900.143901
2720.200701,742,1903.147854
1659.631917,470,1910.929047
2123.088684,599,1913.253283
816.034307,260,1914.270754
1230.578511,352,1915.676276
984.267677,298,1916.894796
1297.503357,364,1918.407781
885.89625,260,1925.523149
957.490805,269,1926.589027
1324.145236,382,1928.176101
1516.567299,422,1929.898454
1434.850269,402,1931.516358
1967.542566,546,1939.738402
1176.786687,333,1941.055908
1201.710851,332,1942.425516
1222.401308,354,1943.795739
1089.639662,321,1945.081767
2443.010464,686,1953.915524
729.506185,239,1954.92978
1298.012111,370,1956.4491
1953.843119,551,1958.627663
1325.524295,383,1960.148557
1240.984497,366,1961.553581
996.055138,300,1968.790742
687.076676,236,1969.73892
1105.724493,316,1971.056948
1563.530923,460,1972.863902
1612.503042,451,1974.68034
1023.338681,307,1976.006126
1077.23977,316,1983.189425
777.183958,227,1984.075025
1531.085776,421,1985.930411
1363.550147,392,1987.433029
710.380092,213,1988.298112
1518.725409,446,1990.123195
966.277384,312,1997.367287
1316.717063,391,1998.941188
1265.162461,378,2000.456427
1608.95641,450,2002.301292
893.197871,255,2003.355266
939.66079,290,2004.519814
1814.816348,500,2012.353864
1373.582258,395,2013.980103
1381.176258,386,2015.547369
1753.118059,498,2017.541389
1360.373185,383,2025.16627
1998.303821,557,2027.45775
1435.838535,401,2029.116312
1239.958475,350,2030.591659
1853.04527,518,2032.737823
1497.272166,415,2040.528203
1146.447327,324,2041.880439
1156.778009,331,2043.181306
1689.108547,474,2045.055917
1042.989607,303,2046.246621
1470.257498,411,2053.691972
923.788784,279,2054.815829
951.636531,276,2055.95441
746.976288,222,2056.841585
1082.364225,311,2058.10112
1046.3561,309,2059.394508
1878.469367,517,2061.391412
1223.324861,348,2068.732434
1150.323184,323,2070.069836
2569.160438,700,2072.877848
1747.695188,484,2074.8234
1621.030818,456,2082.611678
1768.492668,521,2084.914342
627.346253,218,2085.808888
2265.157794,630,2088.389072
1197.068014,337,2089.756937
886.759927,280,2096.816116
982.520188,289,2098.049863
1040.557368,307,2099.279316
2821.787679,767,2102.342593
976.827467,295,2103.560202
1264.87724,363,2111.084423
1259.046772,357,2112.687183
1600.44001,452,2114.612198
1585.967029,448,2116.424921
1257.619513,357,2117.872485
1226.029483,357,2125.487558
1860.810517,519,2127.590073
654.911707,199,2128.382526
1518.434208,420,2129.96284
1493.574115,424,2131.645751
1659.096604,469,2133.547419
1846.895609,505,2141.648527
648.569282,198,2142.433461
878.947272,257,2143.459611
1290.029133,374,2144.980327
2990.594692,820,2154.337773
739.718323,220,2155.291013
767.691544,227,2156.212468
1312.795938,385,2157.809343
1128.310276,328,2159.120028
1705.155443,481,2161.015389
946.664603,279,2162.163563
1629.202637,463,2170.085991
641.70343,195,2170.898603
1393.868919,413,2172.516457
1311.170335,378,2174.043025
982.596245,299,2175.21325
637.551272,197,2175.998604
1215.877247,343,2183.402768
965.210697,286,2184.469265
1187.187387,336,2185.864323
886.898428,261,2186.933911
1194.37588,333,2188.260241
1621.498537,455,2190.06032
2559.310589,695,2198.94968
2124.588069,602,2201.287514
890.627279,257,2202.344747
693.167268,210,2203.228185
1882.494432,522,2211.183993
679.287911,212,2212.057155
2832.921101,768,2215.226557
1259.777897,353,2216.652552
1560.154887,436,2218.355289
2178.598093,594,2226.728062
937.263477,279,2227.839657
1630.649901,462,2229.748322
1975.671478,548,2231.981848
491.882195,169,2232.674134
1656.831388,465,2240.741848
1494.218193,412,2242.447392
1106.17384,318,2243.692087
1583.622359,436,2245.577735
1007.980032,299,2246.795907
1158.83416,329,2248.159431
1378.185696,393,2256.21441
1244.560449,348,2257.597126
653.14681,201,2258.447876
916.133943,281,2259.58836
3113.475631,843,2269.186737
1516.765003,415,2270.862601
1333.763262,385,2272.438624
670.640303,206,2273.245605
2075.145392,563,2275.472292
1691.618635,471,2283.322259
1288.033385,364,2284.81937
1212.991548,343,2286.181527
632.550046,193,2286.942081
1218.401471,364,2288.359526
1311.742621,382,2289.902265
1658.945142,462,2297.541819
1237.032127,341,2298.879604
1232.55085,370,2300.383398
1046.694579,306,2301.7362
1703.058791,471,2303.660754
1465.815487,412,2305.273131
1223.683064,358,2312.689794
2835.913184,766,2315.790942
2802.981055,763,2318.927759
736.969259,216,2319.77641
2257.239063,611,2328.095871
1585.383103,434,2329.859475
1302.938078,384,2331.374523
877.329814,266,2332.414002
1359.876432,391,2339.963472
909.197874,283,2341.177564
1252.356677,373,2342.729599
1335.638075,379,2344.302239
955.03806,299,2345.528791
1563.69404,436,2347.358202
642.422426,196,2348.223553
1033.639979,308,2355.635927
3131.169433,857,2359.197992
956.866111,278,2360.352256
996.774671,288,2361.471586
1757.187129,506,2369.719053
1491.721136,425,2371.496529
1252.824979,356,2372.862652
1318.734821,373,2374.326764
2536.168407,699,2377.206245
1582.44112,445,2385.250904
1661.757602,462,2387.094847
1604.722302,453,2388.97498
2760.656643,753,2392.017081
1685.190183,476,2400.144023
953.47054,279,2401.280502
738.423193,219,2402.177327
1364.09634,385,2403.747652
1241.837183,350,2405.134927
2202.88633,606,2413.659186
794.731647,231,2414.579092
2405.558734,659,2417.269464
2154.181616,603,2419.746044
807.512541,241,2420.729841
1017.393411,304,2428.007801
2466.883531,670,2430.792761
1273.525338,364,2432.254002
1128.985973,322,2433.525042
2335.380828,638,2442.195764
1743.388732,490,2444.336086
1301.668578,379,2445.90033
1299.562787,370,2447.462894
3101.473577,843,2456.99491
753.137223,233,2457.94216
2520.365947,702,2460.85205
1097.394393,318,2462.11071
1286.001,361,2463.481954
3563.657075,1000,2473.638225
1190.964134,333,2475.006542
1173.673134,333,2476.407473
1057.07604,309,2477.661321
1289.5286,379,2485.291514
2207.644923,626,2487.762897
3648.112378,1000,2491.815076
1323.630948,374,2499.285341
1565.329231,440,2501.083647
1884.401601,535,2503.266194
960.426143,294,2504.476367
1257.529374,359,2505.934487
1246.338132,359,2507.387227
1366.115023,392,2515.226649
1168.531562,337,2516.6053
2424.274779,674,2519.349236
2326.430771,651,2522.010298
1451.984199,429,2529.808351
673.529198,206,2530.677341
1337.307006,379,2532.272495
1421.324024,399,2533.847393
1683.270405,482,2535.808904
1847.945785,522,2544.172481
1426.466854,407,2545.826271
840.954483,247,2546.860865
1259.932153,357,2548.316228
2536.972319,712,2557.274111
1166.064309,336,2558.671863
2669.179645,740,2561.688907
677.696607,208,2562.524984
1381.130556,419,2564.254419
965.227138,295,2565.435221
1694.176879,473,2573.358088
683.336361,210,2574.239546
2536.246049,696,2577.103706
661.366456,202,2577.940999
1482.749004,418,2579.66945
1356.500774,387,2587.329615
1139.651871,322,2588.672289
989.482123,299,2589.87309
1284.798352,368,2591.318235
1284.808077,363,2592.790002
1608.160439,449,2600.606494
2457.793694,688,2603.428023
851.161107,265,2604.520188
1590.968838,470,2606.317728
1424.783993,405,2607.844617
1357.970669,388,2615.567872
1788.418416,505,2617.644162
1660.087087,469,2619.486492
2077.342513,583,2621.924381
2215.784775,624,2630.529674
1172.424884,353,2631.998377
1565.978246,443,2633.792801
1895.652606,525,2635.92567
761.38003,247,2636.924457
571.724895,174,2643.776723
1757.677104,486,2645.755924
2339.878375,648,2648.344655
857.853258,278,2649.534414
863.747443,248,2650.553175
1779.340733,499,2658.905507
849.545146,266,2660.00701
3606.817392,1000,2664.179007
1693.280079,482,2666.183408
933.638845,279,2673.445584
1755.554353,498,2675.509188
984.722711,292,2676.702429
1316.241845,376,2678.23244
1568.932714,440,2679.999345
1015.759403,299,2687.372253
552.019354,185,2688.124913
721.170163,216,2689.0265
905.050829,264,2690.078536
902.472845,265,2691.18481
1245.826725,366,2692.722768
1373.433039,399,2694.302528
1550.037704,444,2702.093489
1825.780834,518,2704.266821
947.761539,289,2705.487789
1785.657792,497,2707.525703
1022.364271,302,2708.79432
1247.183605,350,2716.070234
1721.364252,482,2717.977925
967.11557,287,2719.072882
924.962767,276,2720.180088
1247.327785,359,2721.653684
1141.402146,345,2723.064551
1563.017937,438,2730.953973
2211.069816,601,2733.411883
1258.469221,379,2734.921781
1285.486619,375,2736.445893
2106.871075,604,2744.893711
916.956793,276,2746.043324
1790.492489,517,2748.114147
976.684481,275,2749.164002
1563.689982,452,2750.917959
542.555744,184,2751.64559
869.389837,258,2752.702598
1787.01973,504,2760.958546
2624.841996,729,2763.969138
1909.067969,523,2766.03736
1248.131376,345,2773.499743
1242.491218,357,2774.937498
942.708876,278,2775.989473
1881.954659,530,2778.138515
2212.396007,614,2780.629449
1895.045873,523,2788.922178
1058.102096,300,2790.187056
2064.49333,570,2792.503302
638.729581,205,2793.363095
1299.454419,377,2794.970218
1444.91702,405,2802.642821
757.489298,222,2803.565898
1444.504685,406,2805.212579
1270.055368,361,2806.653667
1270.94279,357,2808.120076
1697.304192,463,2809.967631
1053.930561,300,2817.066554
1917.743472,529,2819.203621
1180.589473,336,2820.590046
1585.637583,438,2822.38175
1015.553912,303,2823.600983
979.143327,281,2830.647861
3615.586118,1000,2834.653607
710.679119,215,2835.530141
1130.969417,320,2836.816267
996.405067,296,2838.0206
1876.020916,513,2846.366972
1633.33715,460,2848.205137
896.77913,257,2849.277124
1748.817065,479,2851.192262
1621.158298,462,2853.069705
2008.422672,557,2861.288363
3328.481538,903,2864.8805
1472.671786,403,2866.512423
910.632287,277,2873.647349
936.029313,274,2874.811393
1600.71676,447,2876.667245
963.285771,283,2877.822668
1420.017147,405,2879.458632
1662.973822,462,2881.331436
2460.428314,670,2890.106894
1254.792975,361,2891.449162
1174.619903,333,2892.813818
1122.298179,323,2894.03971
710.091653,221,2894.93817
1016.127241,305,2896.142878
1024.115381,306,2903.365243
1158.38749,327,2904.708345
1032.13028,305,2905.964164
1269.377182,358,2907.389346
1220.057511,344,2908.765976
1326.453829,371,2910.255397
802.647053,256,2917.445295
837.711926,264,2918.563559
1300.068721,369,2920.072571
1029.349105,304,2921.391488
3136.261237,854,2924.831099
967.627654,285,2932.225165
1290.987572,364,2933.709544
1217.586353,341,2935.092451
1866.604135,515,2937.205095
1267.710997,373,2938.748769
1063.663222,312,2946.122424
1015.956723,302,2947.330744
1261.131711,357,2948.823629
960.106166,290,2950.017978
1301.189267,375,2951.52871
2006.330631,554,2953.826487
1890.636012,526,2961.994266
1619.044629,459,2963.903506
1533.977574,427,2965.620101
1894.237793,525,2967.760051
1913.407503,530,2976.515324
1510.574616,412,2978.234128
680.090858,208,2979.056073
2935.509923,815,2982.374479
2107.842025,586,2990.629049
2425.637062,666,2993.390328
1281.189472,370,2994.887381
577.455776,176,2995.618403
1237.077101,352,2997.049868
2232.344174,616,3005.56779
1557.319137,432,3007.332448
970.105835,287,3008.505561
1109.154478,333,3009.860087
1303.662911,368,3011.245385
1403.785745,396,3018.896462
459.034567,154,3019.500437
3191.305697,872,3023.065207
959.741402,281,3024.116465
1207.047215,343,3025.461486
2590.048921,709,3034.41479
3693.553765,995,3038.459473
763.137257,224,3039.332122
2484.598535,671,3048.070305
1985.13009,547,3050.276894
1028.195692,302,3051.51718
1160.674017,334,3052.906061
2162.439729,602,3061.373688
2935.916557,811,3064.64623
1133.621098,343,3066.011874
1304.091056,360,3067.45565
1255.072939,364,3068.927579
1144.56118,325,3076.559707
574.618541,196,3077.349686
457.161961,156,3078.015131
1422.11149,393,3079.59366
2129.050631,587,3081.947885
1312.64956,372,3083.415327
1153.079264,327,3090.826921
1327.230482,378,3092.374066
885.273291,260,3093.423696
970.085278,286,3094.575522
1012.638341,299,3095.727232
960.981374,281,3096.844391
1763.887944,485,3104.823109
1609.284289,447,3106.659336
1286.58335,364,3108.127135
494.009605,156,3108.742415
727.527525,217,3109.609405
1641.817607,458,3111.460447
1682.067743,471,3119.241061
1481.390276,412,3120.919356
805.141091,259,3121.974375
1625.60267,453,3123.773504
991.158373,290,3124.959536
1197.005061,343,3126.304506
1067.835056,310,3133.585293
1281.969645,360,3135.079914
2134.97676,598,3137.556536
1519.060885,432,3139.306401
992.313329,292,3140.508246
1658.40568,458,3148.417015
2937.886315,796,3151.696384
1213.345381,336,3153.083
584.695513,177,3153.82988
2559.425153,699,3162.844414
2899.577021,794,3166.201729
1048.428276,312,3167.517444
1128.379635,319,3168.786032
1659.648966,466,3177.487638
3486.205183,941,3181.278472
2511.126183,696,3184.098728
1641.650136,461,3191.792211
2103.70983,573,3194.025896
854.867175,258,3195.054842
1264.409549,353,3196.484326
903.795502,280,3197.642465
1357.612997,386,3211.595709
3645.939328,1000,3215.694535
1540.312386,426,3217.4591
982.921274,299,3218.739354
516.046323,165,3219.489093
1019.309307,306,3227.32259
20.717708,20,3227.408084
1285.695359,370,3228.922556
1211.964095,342,3230.314237
218.30631,107,3230.762932
1523.031937,419,3232.415462
980.82765,288,3233.573092
268.653135,133,3234.154119
1415.40152,396,3241.836907
686.39084,214,3242.66619
1020.212941,295,3243.909989
1213.649537,340,3245.285576
846.550699,250,3246.30913
2725.749769,743,3249.419472
949.369671,280,3256.690283
1207.321004,335,3258.080871
2260.091536,625,3260.61022
1621.586989,452,3262.571805
1669.725417,460,3270.735564
1323.319368,371,3272.202942
1898.648547,531,3274.32247
1377.663294,388,3275.867709
1994.975401,541,3278.044929
1517.738522,413,3286.029064
1035.597662,307,3287.358973
583.255977,178,3288.15856
681.365515,207,3289.05642
1640.19868,457,3290.827389
1598.090067,438,3292.559287
1599.408247,445,3300.166903
2237.157602,605,3302.530504
936.397885,269,3303.611616
1765.071444,483,3305.539292
1551.70017,428,3313.977834
654.4522,198,3314.736803
1300.912442,359,3316.234187
1745.49847,483,3318.379791
560.772796,173,3319.111864
2326.04311,637,3321.784057
1674.428451,462,3329.711431
1008.459041,302,3331.113786
1630.062676,448,3332.900162
1959.728648,532,3335.036175
1603.135241,437,3336.769492
1093.487565,318,3344.632281
567.388201,196,3345.478284
933.780329,270,3346.607707
1142.113157,352,3348.077367
1743.256606,481,3350.180064
1062.609992,306,3351.415275
1077.213173,317,3359.212774
1589.639958,436,3361.002037
1426.212712,407,3362.559209
1027.552928,305,3363.69441
1649.022868,460,3365.547508
1532.043239,426,3373.204092
1290.094515,380,3374.731821
1991.295366,561,3376.991862
1966.840514,537,3379.205077
1621.519488,443,3381.266762
1317.014221,378,3388.965579
1035.245306,308,3390.163536
1240.578201,373,3391.704661
1231.912373,343,3393.258459
2758.387851,753,3403.017042
1126.925964,325,3404.540663
1337.301164,390,3406.143921
634.905487,192,3407.226997
1290.50755,380,3409.047685
1410.36949,399,3411.042137
1272.196165,364,3419.275175
1065.343798,332,3420.778256
1078.317565,317,3422.194206
867.810328,279,3423.437288
2545.924688,711,3426.5159
1128.332562,324,3433.955569
960.752758,297,3435.354882
1486.166799,410,3437.006749
1201.916101,340,3438.289557
1589.493451,446,3440.06672
1414.116903,404,3441.670994
980.506995,291,3449.083655
808.838011,242,3450.03978
1367.686605,391,3451.596205
1343.100747,379,3453.094084
729.596696,243,3454.052846
2369.136252,655,3462.493543
894.712898,276,3463.599723
1676.241469,469,3465.49981
1370.585079,394,3467.076931
1599.642298,442,3468.859449
3682.409154,1000,3479.256989
988.299009,298,3480.445916
3512.12238,953,3484.23176
1620.723913,453,3491.967893
1747.648487,480,3493.941257
3177.979798,868,3497.408534
2654.780083,724,3506.205981
1627.135308,458,3508.057821
1455.414678,411,3509.698047
1325.503738,376,3511.142948
1543.229817,424,3512.812905
1592.267777,440,3520.406147
3058.822195,822,3523.703766
1786.48496,484,3525.595806
1671.760159,474,3533.247895
1264.087765,357,3534.696366
1379.980943,393,3536.253915
1083.234675,315,3537.503518
2939.224935,791,3540.66991
1250.269433,351,3547.77241
789.597263,257,3548.816414
1667.391071,463,3550.620512
1555.089002,429,3552.262863
1177.087945,334,3553.60016
1214.014872,339,3554.996056
957.691025,294,3562.177109
1690.610577,473,3564.090465
1488.839823,410,3565.581512
1699.063908,474,3567.462543
1713.260748,476,3575.336887
1945.84778,536,3577.482964
1698.162959,468,3579.313125
1833.223213,501,3581.328839
1321.784264,366,3582.778771
1033.916011,295,3589.780331
1477.246324,411,3591.284379
969.983014,280,3592.378371
3651.975674,1000,3596.358469
1769.7262,482,3604.141471
2748.20607,743,3607.061279
803.108242,239,3608.008472
3508.572818,945,3617.817049
3714.418695,1000,3621.863786
1552.03637,421,3623.543688
1468.296047,412,3625.185855
1246.753756,352,3632.524574
941.063579,271,3633.612317
3033.561203,850,3636.830275
2049.721587,570,3639.074629
1539.251361,423,3646.747564
3654.935177,1000,3650.671459
1450.619161,405,3652.300614
2270.248889,623,3660.852106
875.57803,253,3661.852486
1266.738969,358,3663.235918
1453.15934,409,3664.823355
800.555491,231,3665.737665
2200.980225,611,3674.120727
915.819814,263,3675.185632
1966.788214,546,3677.375003
778.277212,225,3678.293866
2232.029072,615,3680.68189
1568.377754,439,3688.324842
798.673462,231,3689.283888
2159.178649,602,3691.650156
1472.54466,410,3693.245324
609.140288,186,3693.974118
2197.920391,619,3702.240722
3065.489136,833,3705.593603
938.223186,274,3706.724453
1488.575907,419,3708.410287
1111.690879,317,3709.635158
2023.863915,556,3717.505106
1399.079903,399,3719.085997
3351.54258,911,3722.656614
3673.194519,1000,3732.631658
1097.37786,313,3733.863057
916.598657,264,3734.92823
1839.177783,512,3736.990338
910.875453,265,3744.119636
1515.886037,426,3745.807173
681.17068,208,3746.65482
1375.566767,397,3748.188306
2594.314217,723,3750.959405
1341.510229,387,3758.523379
570.285834,179,3759.247102
1481.81728,411,3760.889579
1585.003386,439,3762.557646
903.715107,257,3763.577259
635.933084,194,3764.353831
3310.837824,906,3773.784905
1096.622854,310,3775.02143
867.526153,248,3776.01782
848.24122,243,3776.987864
690.625387,207,3777.798018
1572.83939,433,3779.512168
1168.803129,332,3786.76156
1298.766947,384,3788.318919
724.649172,215,3789.190041
1700.332965,472,3791.114929
568.669532,175,3791.79262
598.742651,183,3792.514095
3100.468318,839,3802.518309
78.51596,46,3802.724907
901.894888,269,3803.849603
682.388477,209,3804.721457
910.141149,260,3805.740933
2002.582641,563,3807.987329
1582.922547,441,3815.593911
1879.550997,513,3817.639172
2543.138717,696,3820.353715
1821.03957,524,3822.431103
2813.18089,771,3831.164536
1148.447137,352,3832.562343
1311.136483,379,3834.063289
1232.519138,367,3835.526187
199.426987,106,3835.939178
896.493626,258,3843.061733
1356.11306,404,3844.712107
1536.232664,426,3846.39334
674.232131,206,3847.201338
782.333522,228,3848.147768
1479.147952,411,3849.793978
1625.929926,443,3857.631355
2463.117485,677,3860.362068
645.059903,194,3861.145357
615.632676,188,3861.894686
441.19858,155,3862.518042
1777.589912,490,3864.476099
2863.759457,784,3873.704973
2827.146775,772,3876.806598
1320.139564,383,3878.337276
372.216256,135,3878.881585
1214.098117,345,3886.147476
1651.024033,466,3888.05098
1652.967695,458,3889.960001
602.874582,199,3890.778198
239.44067,119,3891.267952
768.790223,233,3892.180847
1930.052828,530,3900.532999
558.595534,172,3901.254318
1422.856527,405,3902.894988
202.862801,105,3903.347968
1893.504158,520,3905.483696
748.334131,248,3906.508569
3504.472164,955,3916.21798
1573.126929,441,3918.006287
1421.144714,414,3919.720966
1134.050212,325,3920.96776
2115.229427,578,3929.092133
1680.854426,469,3930.983366
953.916417,286,3932.113429
1692.51604,479,3933.971411
1232.96691,368,3935.437176
1476.867704,420,3943.02723
3625.421388,1000,3946.994503
642.420867,196,3947.810068
1368.312728,405,3949.455238
871.679367,255,3956.053694
913.612784,268,3957.16168
1858.066365,508,3959.26862
379.04136,136,3959.792392
517.961093,170,3960.476629
1296.471148,364,3961.912165
810.69982,238,3962.865691
2453.807302,694,3972.323225
1513.10965,422,3974.012527
1951.567296,530,3976.746361
168.465835,82,3977.098606
172.10243,83,3977.458475
765.119536,226,3978.455342
387.920417,157,3979.101415
824.772449,238,3985.896978
1440.555613,405,3987.595826
1092.40462,320,3988.955174
364.89953,132,3989.507301
328.06639,121,3990.011813
1346.152271,389,3991.607818
77.17325,52,3991.828456
1158.216551,351,3993.236208
3022.875859,822,4003.192762
2363.868259,643,4005.806246
976.902065,290,4006.936306
1511.280611,422,4008.62848
1370.503963,395,4016.424937
1581.993088,433,4018.199973
816.024152,240,4019.184901
475.937601,168,4019.906175
950.337184,287,4021.423531
1716.303278,485,4023.4762
1533.623942,431,4031.389596
1375.426672,397,4033.010843
1415.390381,403,4034.625817
1605.036792,452,4036.436547
3162.716213,857,4046.031621
829.990561,248,4047.092819
177.80425,83,4047.439805
932.314659,273,4048.552637
288.466643,108,4048.995949
1326.831626,385,4050.535562
853.553167,248,4051.52551
1259.301847,358,4052.935757
437.495986,161,4059.47395
1738.406035,482,4061.394632
1256.528816,374,4062.856015
346.842856,126,4063.333842
950.430771,280,4064.482022
563.379083,180,4065.183826
1746.869257,481,4072.882144
2325.645157,648,4075.475756
912.606997,267,4076.567841
1024.036571,295,4077.662127
842.940127,242,4078.642489
1622.562149,470,4080.53148
1855.924917,504,4088.835319
489.208321,160,4089.47737
462.705382,165,4090.157651
1974.063973,566,4092.403877
695.117517,218,4093.248339
275.535205,108,4093.677279
520.04966,176,4094.396405
646.275965,213,4095.253128
1370.003376,397,4102.49119
289.819415,114,4102.950892
316.972314,119,4103.438011
381.50055,137,4103.988184
379.485751,137,4104.531076
405.944062,155,4105.170247
3356.027552,900,4108.703686
263.319103,106,4109.114714
310.903357,117,4115.895728
2167.849627,587,4118.308366
1601.357853,451,4120.164436
675.400045,206,4120.970755
1881.22093,511,4123.012114
1933.495018,523,4131.211469
2467.365866,663,4133.972852
1043.309544,300,4135.295135
3706.335206,987,4145.447858
1011.89439,292,4146.641119
617.564523,206,4147.52249
1947.245506,523,4149.644502
2275.795746,616,4152.087895
2055.892971,574,4160.362543
1661.577279,459,4162.175861
1396.172848,403,4163.833118
1568.332881,433,4165.611051
560.319953,199,4166.418265
699.31844,221,4173.06665
696.763187,211,4173.874442
609.937702,202,4174.67534
382.044044,139,4175.255754
428.110541,147,4175.846843
924.628117,273,4176.97099
1631.323491,452,4178.804157
685.755953,209,4179.654415
676.247445,207,4180.467134
429.852442,148,4181.119574
1607.421855,475,4189.076888
2742.097518,748,4192.150243
2948.911369,812,4195.509302
868.401405,257,4202.195816
1143.010416,324,4203.653728
831.662881,246,4204.656225
710.738543,225,4205.502032
750.512936,233,4206.380055
861.83835,252,4207.326724
886.834478,256,4208.328869
974.574106,286,4215.966599
974.318416,287,4217.129876
733.840384,229,4218.000546
1153.836226,350,4219.424123
506.676959,177,4220.092849
369.68362,131,4220.615285
1322.198126,391,4222.1826
1593.199102,468,4224.104332
606.826529,209,4231.301107
474.2018,168,4232.020043
1328.388762,395,4233.599859
456.564003,151,4234.19427
674.872241,220,4235.105276
683.279299,218,4235.973922
1932.673216,530,4238.099367
610.595308,201,4244.978974
2288.389972,624,4247.576678
1661.744587,455,4249.377282
850.199001,244,4250.362302
722.153275,222,4251.223629
3086.414831,864,4259.952687
