#{"t_start": 1534991337.2391036, "env_id": "HalfCheetah-v2"}
r,l,t
-653.978423,1000,3.084809
-698.359446,1000,5.229755
-682.556133,1000,10.963589
-720.177912,1000,13.397339
-660.459095,1000,19.192859
-582.534378,1000,21.495612
-485.135742,1000,27.252463
-604.873422,1000,29.491027
-648.052701,1000,35.435535
-471.655156,1000,37.865162
-570.916125,1000,43.706012
-612.846973,1000,46.095124
-596.622103,1000,51.66553
-620.081596,1000,54.14856
-549.326415,1000,59.530718
-553.315328,1000,61.843596
-543.026232,1000,66.910416
-506.078429,1000,69.076831
-597.273892,1000,74.732289
-532.338512,1000,77.019469
-542.411189,1000,82.605833
-429.707429,1000,84.918206
-583.787626,1000,90.564848
-498.020732,1000,92.759019
-507.079421,1000,98.491381
-480.015926,1000,100.654232
-483.960662,1000,106.25793
-519.413276,1000,108.774852
-392.333689,1000,114.356716
-325.608624,1000,116.682508
-432.687632,1000,122.643652
-364.801678,1000,124.913543
-373.843075,1000,130.270746
-384.265042,1000,132.432427
-366.225725,1000,137.542002
-356.162003,1000,139.846716
-349.935876,1000,145.776196
-360.554467,1000,148.070625
-353.850272,1000,153.27345
-346.968233,1000,155.397945
-341.638109,1000,160.680782
-324.872514,1000,162.759409
-401.339422,1000,164.935502
-253.224383,1000,170.078169
-302.829412,1000,172.366826
-252.460214,1000,177.663398
-316.745085,1000,179.855855
-289.451591,1000,184.911935
-242.685879,1000,187.170832
-233.706109,1000,192.500213
-226.198028,1000,194.710433
-248.884817,1000,199.824984
-269.691449,1000,202.166333
-197.772279,1000,207.795717
-188.05263,1000,210.029259
-193.335462,1000,215.203083
-132.136451,1000,217.729771
-152.434027,1000,223.501326
-160.587603,1000,225.844575
-138.178158,1000,231.21591
-114.657857,1000,233.647029
-111.436031,1000,239.183005
-262.057469,1000,241.553431
-575.418734,1000,247.187947
-124.11388,1000,249.613982
-144.851054,1000,255.081527
-180.62933,1000,257.372035
-77.69658,1000,262.601091
-112.496784,1000,264.762358
-81.42777,1000,270.330438
-82.885633,1000,272.604332
-50.946721,1000,278.476071
-47.572834,1000,280.935847
-26.309425,1000,286.437156
-10.462012,1000,288.664383
-50.020759,1000,294.189572
-77.70214,1000,296.454684
-149.657433,1000,302.298511
-56.074871,1000,304.716618
42.995799,1000,310.281341
-4.086357,1000,312.622204
-28.91194,1000,318.06019
35.023494,1000,320.348266
-8.112546,1000,325.886712
9.804168,1000,328.379668
14.774572,1000,330.63145
-6.962485,1000,336.213215
-63.760491,1000,338.593738
105.639075,1000,343.84839
20.088159,1000,346.145308
54.685801,1000,351.549338
68.229599,1000,353.730236
85.845899,1000,359.162302
52.741316,1000,361.471121
58.597642,1000,367.085006
135.741692,1000,369.361101
150.796289,1000,374.743065
56.257448,1000,376.950855
122.127781,1000,382.540064
74.210096,1000,384.759938
208.271678,1000,389.972031
122.561027,1000,392.401823
127.106129,1000,397.712597
119.103029,1000,400.127614
197.446531,1000,405.549085
80.822067,1000,407.971024
117.710299,1000,413.524907
175.882978,1000,415.728525
136.418206,1000,421.339886
149.12227,1000,423.691915
144.693734,1000,429.202386
118.789422,1000,431.713964
187.066592,1000,437.223508
136.760642,1000,439.480598
171.904184,1000,445.053752
147.322462,1000,447.622438
224.158186,1000,452.833572
172.083929,1000,455.364893
202.596314,1000,460.786267
249.355757,1000,463.123276
196.252501,1000,468.852455
152.189953,1000,471.040499
177.979434,1000,476.568734
196.408229,1000,478.914301
174.662138,1000,484.64784
275.282178,1000,486.897425
231.632237,1000,492.128664
296.380956,1000,494.391795
214.8904,1000,496.677918
273.32351,1000,502.21441
263.730201,1000,504.427244
272.225856,1000,509.926639
329.926912,1000,512.237061
298.584938,1000,517.96695
305.283778,1000,520.093072
321.178239,1000,525.693048
301.568151,1000,527.831757
347.371278,1000,533.4586
317.613133,1000,535.572105
321.920218,1000,541.343242
309.02479,1000,543.599571
423.275137,1000,548.911309
390.227271,1000,551.33207
458.554332,1000,556.731024
408.090601,1000,558.916957
443.639047,1000,564.355857
378.928181,1000,566.740099
392.100085,1000,571.826725
421.722372,1000,573.894252
473.935948,1000,579.475786
440.336693,1000,581.707829
443.092304,1000,587.493906
402.783188,1000,589.821917
485.732065,1000,595.445961
465.143426,1000,597.806615
474.992069,1000,603.96427
477.60057,1000,606.359343
418.777087,1000,611.672419
457.077957,1000,613.857697
451.626151,1000,619.404273
396.584476,1000,621.631628
502.668396,1000,627.017262
437.837536,1000,629.156103
504.635189,1000,634.744949
507.776315,1000,636.883365
473.347303,1000,642.450801
470.446958,1000,644.807566
493.466936,1000,649.972481
537.795978,1000,652.305431
476.319723,1000,658.102637
468.919518,1000,660.378459
525.816296,1000,662.616478
505.806455,1000,668.278877
499.966035,1000,670.507996
563.838982,1000,675.933041
535.305491,1000,678.169161
552.224154,1000,683.691205
557.397056,1000,685.881521
597.804262,1000,691.616459
574.775523,1000,693.598701
447.680239,1000,699.284186
585.967293,1000,701.471651
580.123469,1000,707.345874
568.962216,1000,709.527651
592.294506,1000,715.557309
632.069198,1000,717.722638
557.091411,1000,723.621975
570.534586,1000,725.83303
627.169241,1000,731.992143
510.029101,1000,734.458386
567.160805,1000,740.122548
502.131755,1000,742.524182
550.690066,1000,748.469675
623.17265,1000,750.806788
620.06477,1000,756.447886
468.529575,1000,758.840696
446.595944,1000,764.687583
639.125746,1000,767.00563
649.080837,1000,772.200873
476.314732,1000,774.443241
603.961849,1000,780.145531
564.808732,1000,782.34084
614.700544,1000,787.550277
556.739266,1000,789.730793
674.80535,1000,794.796548
545.649688,1000,797.002559
596.93758,1000,805.271328
608.385011,1000,807.458073
495.471514,1000,813.517276
675.688092,1000,815.905961
492.414496,1000,821.426341
719.255189,1000,823.77356
495.036112,1000,829.434916
471.214606,1000,831.701112
590.3655,1000,833.947431
579.165583,1000,839.874326
657.396578,1000,842.302741
647.862505,1000,848.023528
649.953421,1000,850.24346
605.940219,1000,856.160427
733.016186,1000,858.488686
669.365598,1000,864.223275
713.088138,1000,866.56607
648.332693,1000,871.896574
741.554865,1000,874.150527
712.965637,1000,879.849515
683.331946,1000,882.108179
682.883099,1000,887.93844
680.472805,1000,890.188343
730.372332,1000,896.113115
642.35928,1000,898.444979
695.591414,1000,904.083683
663.537495,1000,906.515743
738.671004,1000,912.09619
748.299907,1000,914.371298
707.527776,1000,919.737905
682.37575,1000,921.976802
462.847133,1000,927.925047
625.661607,1000,930.238977
761.668334,1000,936.067939
794.228534,1000,938.129414
751.202923,1000,943.65903
743.451596,1000,945.939705
668.743879,1000,951.515354
673.725439,1000,953.662459
674.26917,1000,959.551138
762.408265,1000,961.668294
665.59362,1000,967.494911
781.659023,1000,969.802503
780.119262,1000,975.573699
741.073836,1000,977.736112
820.86313,1000,983.127051
801.086658,1000,985.27556
768.494978,1000,990.853594
777.435652,1000,993.090102
756.93203,1000,995.287952
781.844677,1000,1000.786452
584.752426,1000,1003.020957
655.85926,1000,1008.257505
685.580498,1000,1010.442403
735.960857,1000,1015.891598
802.066203,1000,1018.2315
626.706221,1000,1024.147762
763.291099,1000,1026.418794
767.165843,1000,1032.138895
780.832411,1000,1034.320171
676.551282,1000,1043.585523
520.842231,1000,1046.030096
501.542291,1000,1051.681822
746.965322,1000,1054.007487
691.387999,1000,1059.650987
350.771766,1000,1062.05097
667.049664,1000,1067.515086
631.423262,1000,1069.71779
667.958612,1000,1074.989128
510.18753,1000,1077.266155
774.7258,1000,1082.596027
698.765584,1000,1085.079838
770.699073,1000,1090.811006
736.781024,1000,1092.962142
786.774893,1000,1098.19084
758.408797,1000,1100.434049
755.939417,1000,1105.989983
644.333562,1000,1108.32855
795.69687,1000,1113.924054
795.880695,1000,1116.154645
790.712292,1000,1121.529211
744.331335,1000,1123.930545
788.447562,1000,1129.763994
791.178907,1000,1132.129652
779.459713,1000,1137.566667
649.034386,1000,1139.950039
840.889802,1000,1145.366613
846.999085,1000,1147.748077
813.40199,1000,1153.021983
798.518536,1000,1155.293912
809.366136,1000,1161.37754
834.744702,1000,1163.614937
781.611949,1000,1165.769349
726.49514,1000,1171.357258
728.47281,1000,1173.461486
780.650787,1000,1178.755945
690.693795,1000,1181.055609
744.186604,1000,1186.719414
790.212172,1000,1189.077652
798.280078,1000,1194.84288
698.316188,1000,1197.160112
824.931875,1000,1203.010885
704.299873,1000,1205.052589
801.849834,1000,1210.955891
831.655666,1000,1213.011834
807.306204,1000,1218.730238
760.254676,1000,1220.961378
791.912676,1000,1226.350964
734.386238,1000,1228.595613
781.822987,1000,1234.347955
798.300402,1000,1236.594655
820.002952,1000,1242.439925
807.07217,1000,1244.687038
828.368197,1000,1250.363774
800.604332,1000,1252.631996
821.468228,1000,1257.877551
797.019645,1000,1260.037751
723.131339,1000,1265.6912
806.376588,1000,1267.928049
777.944976,1000,1273.724909
761.101446,1000,1275.995033
813.048081,1000,1281.658399
773.972488,1000,1283.96106
697.079596,1000,1289.595042
800.593753,1000,1291.769044
826.556604,1000,1297.549211
668.273596,1000,1299.828529
792.050887,1000,1305.281112
732.040329,1000,1307.43192
806.220908,1000,1312.793374
758.475462,1000,1314.915853
598.836307,1000,1320.594869
596.343477,1000,1322.737853
753.168615,1000,1328.277387
871.893435,1000,1330.546182
836.495525,1000,1332.935903
682.473447,1000,1338.550505
840.633286,1000,1340.662816
812.72187,1000,1345.984004
687.255832,1000,1348.197392
741.764727,1000,1353.849024
805.38111,1000,1356.077412
879.385863,1000,1361.851973
831.395329,1000,1364.001165
304.275598,1000,1369.34549
820.760893,1000,1371.622874
717.204033,1000,1380.758064
766.542824,1000,1382.980057
518.620702,1000,1388.747396
595.769793,1000,1390.869101
774.123904,1000,1396.38506
610.251082,1000,1398.504682
728.622273,1000,1404.002531
738.008409,1000,1406.104115
835.95986,1000,1412.02983
783.965217,1000,1414.22362
828.302522,1000,1420.059122
793.318395,1000,1422.416039
848.268727,1000,1428.086943
771.591409,1000,1430.175151
387.794185,1000,1435.381505
785.685196,1000,1437.367981
801.21093,1000,1443.328194
828.718987,1000,1445.488475
777.312783,1000,1451.168247
697.089237,1000,1453.231489
801.423374,1000,1458.894166
643.13209,1000,1461.183089
890.991434,1000,1466.823489
852.483017,1000,1469.119257
840.841762,1000,1474.65863
887.153393,1000,1476.912608
828.060576,1000,1482.820482
792.615684,1000,1485.276412
671.276648,1000,1491.222124
868.783541,1000,1493.713235
802.184101,1000,1499.632174
746.192966,1000,1501.974217
850.383537,1000,1504.235148
849.380169,1000,1509.847481
819.36506,1000,1512.240736
762.233198,1000,1517.885463
756.178895,1000,1520.416118
763.073632,1000,1526.193189
799.629372,1000,1528.495605
802.575748,1000,1534.13442
758.159223,1000,1536.45828
152.390258,1000,1541.90205
783.040349,1000,1544.124714
820.142204,1000,1549.922298
803.937934,1000,1552.096638
735.973647,1000,1557.384473
877.507625,1000,1559.732084
828.287657,1000,1565.674083
807.689581,1000,1568.085857
713.310181,1000,1573.722618
763.690315,1000,1575.999501
817.939857,1000,1581.470118
847.822076,1000,1583.699796
839.758617,1000,1589.210766
839.346197,1000,1591.569901
844.209556,1000,1597.049179
831.152759,1000,1599.274423
783.304528,1000,1604.808004
809.201952,1000,1607.025477
776.392049,1000,1612.783825
923.333663,1000,1615.078285
868.191645,1000,1620.6502
786.245823,1000,1623.001978
812.024348,1000,1628.731702
870.354842,1000,1631.074083
-420.53089,1000,1637.048873
-438.546212,1000,1639.315145
-406.443483,1000,1644.697963
816.188289,1000,1646.923721
815.249513,1000,1652.660159
828.57247,1000,1654.997102
764.440653,1000,1660.507236
793.79048,1000,1662.646996
753.163805,1000,1668.209805
791.431752,1000,1670.530583
813.659548,1000,1672.815333
834.750433,1000,1678.648079
660.03104,1000,1680.8696
907.080447,1000,1685.899923
637.83129,1000,1688.178972
765.300958,1000,1694.358444
887.070605,1000,1696.780426
790.783191,1000,1702.510478
-389.39566,1000,1704.673795
818.684494,1000,1710.095916
753.889148,1000,1712.235242
862.425722,1000,1718.038423
924.926169,1000,1720.166427
727.291293,1000,1726.038652
-381.360303,1000,1728.277344
834.572604,1000,1733.628663
752.092916,1000,1736.214245
903.157072,1000,1741.634773
917.475876,1000,1743.957865
442.30886,1000,1749.899835
852.141239,1000,1752.277878
815.375065,1000,1757.96218
-363.672459,1000,1760.179596
-391.764035,1000,1765.59407
636.99331,1000,1767.943416
790.02476,1000,1773.449003
814.213658,1000,1775.660946
866.277473,1000,1781.339395
798.079952,1000,1783.633257
811.794154,1000,1789.41481
833.907964,1000,1791.752706
756.457926,1000,1797.090032
894.114815,1000,1799.281958
860.277068,1000,1804.888419
843.9848,1000,1807.138239
759.372739,1000,1812.690202
794.343086,1000,1814.896287
-310.833973,1000,1820.211423
812.565861,1000,1822.533284
836.664748,1000,1827.721047
584.181552,1000,1829.93629
888.998943,1000,1835.740836
481.129052,1000,1837.963513
748.859102,1000,1840.155839
763.807569,1000,1845.630327
826.085906,1000,1847.998806
751.383793,1000,1853.702792
-146.726776,1000,1856.129146
196.752139,1000,1861.598542
900.527967,1000,1863.794544
889.434361,1000,1869.813134
784.178323,1000,1872.005893
811.13531,1000,1877.360638
773.144485,1000,1879.695833
-328.330707,1000,1885.098495
837.590479,1000,1887.418569
958.57189,1000,1892.73979
853.55068,1000,1894.997148
613.632225,1000,1900.675749
876.879162,1000,1902.975442
854.355753,1000,1908.614221
238.110073,1000,1911.099788
629.897809,1000,1916.402733
700.553855,1000,1918.724615
901.264936,1000,1924.357208
963.28492,1000,1926.564106
878.01452,1000,1932.497326
900.250994,1000,1934.901536
873.491621,1000,1940.560569
889.71987,1000,1942.780406
873.845669,1000,1948.830776
874.358823,1000,1951.161134
832.744972,1000,1956.585004
893.03573,1000,1958.714161
764.43019,1000,1964.273873
849.025397,1000,1966.562208
848.465527,1000,1972.099084
724.555451,1000,1974.246116
884.373087,1000,1979.67648
833.937044,1000,1982.034502
952.624154,1000,1987.551232
503.726299,1000,1990.000097
872.235611,1000,1995.337863
970.307369,1000,1997.531323
856.774516,1000,1999.768996
871.286421,1000,2005.429101
915.409418,1000,2007.749663
881.287221,1000,2013.281458
883.974233,1000,2015.71978
908.167401,1000,2021.431707
742.490769,1000,2023.710751
864.908157,1000,2029.669327
909.214551,1000,2031.957189
897.285038,1000,2037.594993
1003.2359,1000,2039.760554
860.349322,1000,2045.501484
822.992581,1000,2047.981529
894.248566,1000,2053.184004
928.28593,1000,2055.451401
878.749367,1000,2061.051384
1017.330521,1000,2063.436878
870.154411,1000,2068.752362
814.491254,1000,2071.007314
851.173366,1000,2076.465982
877.36771,1000,2078.756209
828.372161,1000,2084.681734
889.41501,1000,2086.975276
817.248688,1000,2093.087021
760.247925,1000,2095.37665
819.54478,1000,2101.014006
840.682107,1000,2103.575436
947.53321,1000,2108.997641
874.455869,1000,2111.354832
760.292434,1000,2116.840137
-375.109631,1000,2119.208575
867.223742,1000,2124.845029
756.197881,1000,2127.250908
749.069807,1000,2132.766638
886.214878,1000,2135.039229
842.14806,1000,2140.330315
901.203173,1000,2142.58595
842.689763,1000,2148.374906
861.07225,1000,2150.627819
935.502731,1000,2156.319257
706.531394,1000,2158.48691
918.274608,1000,2164.067946
906.500239,1000,2166.310489
865.778825,1000,2168.560392
843.307538,1000,2174.298256
888.099885,1000,2176.6282
849.058639,1000,2182.409005
920.477191,1000,2184.579013
838.168747,1000,2190.258497
817.451136,1000,2192.340796
840.918314,1000,2198.001806
-169.805825,1000,2200.198034
590.594751,1000,2206.031278
893.234282,1000,2208.190741
756.567861,1000,2213.858155
874.640269,1000,2216.247932
904.024206,1000,2221.950596
915.26184,1000,2224.376174
811.467893,1000,2230.484274
-269.327713,1000,2232.819158
-368.727221,1000,2238.684245
974.793116,1000,2240.864268
962.113013,1000,2246.438051
860.872075,1000,2248.696101
-321.138529,1000,2254.431012
-336.775427,1000,2256.863684
909.583758,1000,2262.68296
631.203666,1000,2264.971714
920.381158,1000,2270.55819
948.278368,1000,2272.68283
736.035495,1000,2278.884744
810.569467,1000,2281.395109
968.012886,1000,2287.164756
954.379926,1000,2289.44124
896.180507,1000,2295.025428
958.979401,1000,2297.324591
911.096156,1000,2303.135584
936.660443,1000,2305.461485
-116.201724,1000,2311.22078
737.297866,1000,2313.498782
883.493717,1000,2319.470246
938.372922,1000,2321.651991
894.479778,1000,2327.68249
917.252401,1000,2329.967074
912.749878,1000,2335.506857
947.369465,1000,2337.8622
885.331464,1000,2340.174587
-198.384663,1000,2346.259117
-144.412808,1000,2348.695943
916.421202,1000,2354.922652
-396.569886,1000,2357.156366
927.317285,1000,2362.395935
585.656861,1000,2364.616182
784.936507,1000,2370.330216
664.962127,1000,2372.567856
857.499834,1000,2378.387959
938.809728,1000,2380.664593
967.076314,1000,2386.387571
-17.653504,1000,2388.626528
-297.913486,1000,2394.460979
-362.684481,1000,2396.713824
916.274482,1000,2402.671823
763.813662,1000,2404.749694
682.533656,1000,2410.081843
880.682356,1000,2412.251438
-339.077396,1000,2417.98706
950.716241,1000,2420.140249
790.801124,1000,2425.616972
624.786381,1000,2427.815395
-158.564286,1000,2433.30996
-257.721062,1000,2435.48274
-279.756316,1000,2440.916617
954.084221,1000,2443.146318
850.153692,1000,2448.999156
799.98759,1000,2451.379691
501.413042,1000,2457.279942
808.595559,1000,2459.5404
54.37088,1000,2465.087401
765.845604,1000,2467.248149
903.812414,1000,2473.062608
942.387094,1000,2475.267908
15.063286,1000,2480.882268
771.579315,1000,2483.144779
854.055053,1000,2488.864184
933.57358,1000,2490.83092
620.273577,1000,2496.458027
947.979878,1000,2498.721471
885.281809,1000,2504.367568
978.919255,1000,2506.746433
920.61898,1000,2509.085071
914.862599,1000,2515.095718
865.240913,1000,2517.333688
810.703394,1000,2523.383121
225.161846,1000,2525.655516
946.615376,1000,2531.380931
957.540926,1000,2533.579917
13.025955,1000,2539.015547
1000.681639,1000,2541.136945
792.091974,1000,2546.902092
440.358345,1000,2548.966848
818.2918,1000,2554.760133
855.669362,1000,2557.031932
875.539105,1000,2562.726695
979.841616,1000,2564.982242
951.348922,1000,2570.322685
753.302665,1000,2572.701932
918.1529,1000,2578.015038
963.926958,1000,2580.231658
843.240878,1000,2585.811942
943.28192,1000,2588.070674
813.604708,1000,2593.880001
423.774467,1000,2596.139575
824.001901,1000,2602.010166
879.554388,1000,2604.319272
1018.255618,1000,2610.205261
681.875886,1000,2612.426547
836.909862,1000,2618.03193
1076.78479,1000,2620.264304
901.161748,1000,2625.592528
1141.317829,1000,2627.95888
961.104829,1000,2633.781004
-63.643828,1000,2636.030159
879.853575,1000,2641.449434
928.145161,1000,2643.835246
908.267905,1000,2649.434028
1029.795213,1000,2651.67245
780.212912,1000,2657.54343
819.964762,1000,2659.988856
522.75413,1000,2665.911473
938.811439,1000,2668.222866
872.883049,1000,2674.090375
849.922278,1000,2676.383115
935.631654,1000,2678.710752
637.786179,1000,2684.573216
873.303418,1000,2686.862744
885.063078,1000,2692.520426
908.008045,1000,2694.719605
1102.395678,1000,2700.565662
867.271104,1000,2702.757022
1210.605659,1000,2708.617087
75.332696,1000,2710.841719
1072.476815,1000,2716.243597
358.773765,1000,2718.489098
1272.798142,1000,2723.997046
1031.686418,1000,2726.09285
1429.838771,1000,2731.610537
862.831575,1000,2733.969766
1245.851864,1000,2739.701111
942.174395,1000,2742.028865
1341.91259,1000,2747.621366
271.667954,1000,2749.844578
1233.095036,1000,2755.438262
1363.951391,1000,2757.693939
1429.198698,1000,2763.228238
1505.286077,1000,2765.608772
1546.390984,1000,2771.643846
1081.417233,1000,2773.972367
927.361823,1000,2779.785606
1551.053726,1000,2782.111372
920.46301,1000,2787.841367
1634.199984,1000,2790.055006
1552.2464,1000,2795.810012
1410.596307,1000,2798.148059
39.472643,1000,2803.684175
846.444648,1000,2805.932782
895.360811,1000,2811.399232
1438.975136,1000,2813.814039
1284.63212,1000,2819.594386
1645.786337,1000,2821.743306
1009.3332,1000,2827.28415
1463.749989,1000,2829.717266
1539.413451,1000,2835.537356
1076.298091,1000,2837.986822
449.384471,1000,2843.697809
1509.09991,1000,2845.762951
1184.264633,1000,2847.859059
1659.416592,1000,2853.769663
954.864112,1000,2856.129638
1639.694615,1000,2862.415792
1646.72518,1000,2864.687817
1188.350928,1000,2870.381508
1620.495034,1000,2872.478946
720.201255,1000,2877.900008
1738.047263,1000,2880.198922
1580.687476,1000,2885.856298
879.359971,1000,2888.135796
789.31193,1000,2894.131053
1673.483942,1000,2896.592588
1077.928182,1000,2902.336198
934.717117,1000,2904.561887
729.501052,1000,2910.144947
1670.48536,1000,2912.371818
1676.974576,1000,2918.026288
1006.49906,1000,2920.233358
924.949797,1000,2925.445698
1052.74943,1000,2927.851144
1347.211166,1000,2933.527057
1015.349539,1000,2935.781711
712.624369,1000,2942.040359
1198.884687,1000,2944.42154
1503.428652,1000,2950.172557
1660.756656,1000,2952.412459
1514.405174,1000,2958.465485
1151.091771,1000,2960.706228
1592.943226,1000,2966.451348
1575.471001,1000,2968.661448
987.307941,1000,2974.034346
1674.549505,1000,2976.526208
1703.839088,1000,2982.408145
1666.048667,1000,2984.67941
1616.416356,1000,2990.066873
1415.262886,1000,2992.277636
947.432272,1000,2998.112616
-335.555867,1000,3000.473944
1669.696043,1000,3006.481472
835.924824,1000,3008.849602
1631.27312,1000,3011.085025
1825.492914,1000,3016.978559
791.038632,1000,3019.240195
1679.036285,1000,3024.830287
725.405471,1000,3027.03755
979.746845,1000,3035.521565
1825.260071,1000,3037.751873
1945.583783,1000,3043.224654
733.152509,1000,3045.296393
1061.722426,1000,3051.136604
1645.96817,1000,3053.294206
860.945528,1000,3058.700778
1848.818856,1000,3060.83709
599.587727,1000,3067.338166
1849.226583,1000,3069.548435
1829.977453,1000,3075.388606
1704.740644,1000,3077.535192
1750.674112,1000,3083.472934
1779.021949,1000,3085.534537
1571.064033,1000,3091.551403
1688.015501,1000,3093.795853
1853.920502,1000,3099.455978
1707.659603,1000,3101.747952
1716.675644,1000,3107.791429
1794.693545,1000,3109.852614
1430.573288,1000,3116.021312
1892.151812,1000,3118.17042
1845.433247,1000,3123.801744
1935.900092,1000,3126.020417
1767.514585,1000,3131.73412
1928.120255,1000,3133.833522
1797.482035,1000,3139.280352
1792.505888,1000,3141.376247
1857.318562,1000,3147.343005
1838.683563,1000,3149.457001
1846.212843,1000,3155.099069
2020.712076,1000,3157.191273
858.616705,1000,3163.039945
1456.588392,1000,3165.252872
1922.063202,1000,3170.72343
1820.776425,1000,3172.88002
1968.489812,1000,3178.453157
661.916902,1000,3180.701075
1990.973662,1000,3182.864516
1716.626107,1000,3188.924134
1892.253583,1000,3191.151992
1935.971394,1000,3197.202139
1872.356105,1000,3199.188171
1613.526495,1000,3205.171917
1882.562254,1000,3207.537805
923.144844,1000,3213.535502
2030.013837,1000,3215.778506
1910.233264,1000,3221.644625
2031.84156,1000,3223.751817
1627.055358,1000,3229.526377
854.570293,1000,3231.829803
1848.26572,1000,3238.018948
856.838035,1000,3240.136118
1860.384456,1000,3245.39273
1558.958195,1000,3247.58895
578.055616,1000,3253.28597
589.085944,1000,3255.638586
982.898803,1000,3261.371276
2118.790328,1000,3263.726704
871.10241,1000,3269.843464
2111.282448,1000,3271.985834
2090.674504,1000,3278.015782
1613.729108,1000,3280.119927
756.942438,1000,3285.557323
757.444656,1000,3287.766643
700.632396,1000,3293.17986
2147.444547,1000,3295.282724
914.250585,1000,3300.624552
2057.794603,1000,3303.044457
1248.844747,1000,3308.958766
2078.104919,1000,3311.295399
2254.412628,1000,3317.368723
1095.613537,1000,3319.687456
826.719777,1000,3325.849047
1674.815015,1000,3328.068741
1981.561402,1000,3333.985979
843.198458,1000,3336.230268
807.108871,1000,3342.286733
2190.197667,1000,3344.581648
2233.189619,1000,3350.526654
2115.056714,1000,3352.952189
2202.136122,1000,3355.121722
1253.008647,1000,3360.463383
2290.276767,1000,3362.551036
2222.356546,1000,3368.396867
2187.44463,1000,3370.761625
2215.77246,1000,3376.897325
2374.361652,1000,3379.126688
1016.985672,1000,3385.185688
956.014301,1000,3387.413721
2105.38862,1000,3393.332921
884.123549,1000,3395.454292
2212.150448,1000,3401.313236
2059.407568,1000,3403.535903
2241.35305,1000,3409.258751
1052.365053,1000,3411.334814
2246.537493,1000,3417.004606
123.637492,1000,3419.164036
1597.796582,1000,3425.796751
2206.970818,1000,3428.12044
2025.132204,1000,3433.982509
1134.382784,1000,3436.153894
2201.347732,1000,3442.030416
1038.058456,1000,3444.164834
2143.67873,1000,3450.028239
991.017041,1000,3452.186489
654.480568,1000,3457.595666
1304.26419,1000,3459.771143
782.245127,1000,3465.54399
1427.0293,1000,3467.739649
1466.228519,1000,3473.528511
1501.626555,1000,3475.623535
2388.764617,1000,3481.530996
2347.083323,1000,3483.749742
2385.583947,1000,3489.600432
1297.008014,1000,3491.942394
2421.834727,1000,3497.997215
-74.928791,1000,3500.211767
842.416799,1000,3505.772712
842.387858,1000,3508.077631
2124.312394,1000,3513.718782
824.776586,1000,3516.016696
1886.202846,1000,3521.881368
2264.446769,1000,3524.16232
1751.751323,1000,3526.244873
887.656512,1000,3531.962677
2262.321351,1000,3534.218973
1435.765105,1000,3540.223764
1000.797896,1000,3542.546167
2490.566397,1000,3548.575888
1455.604889,1000,3550.915217
2438.985368,1000,3557.000945
697.840166,1000,3559.32234
1531.2765,1000,3565.165401
1127.005929,1000,3567.325296
1246.242075,1000,3573.204385
2307.461707,1000,3575.261873
2226.213275,1000,3581.028287
846.173325,1000,3583.14355
1101.746191,1000,3589.085055
2125.38814,1000,3591.431932
1270.507122,1000,3597.991642
1090.4211,1000,3600.211724
458.432441,1000,3606.058032
2388.603079,1000,3608.337961
2285.728269,1000,3613.940934
2199.172239,1000,3616.261174
1491.595195,1000,3622.177371
2298.552907,1000,3624.512343
1400.724669,1000,3630.543439
2379.136886,1000,3632.650795
2338.002357,1000,3638.144772
2496.184994,1000,3640.360335
2269.338736,1000,3646.47627
1021.905221,1000,3648.660949
2578.93079,1000,3654.934926
1175.437598,1000,3657.241405
1574.287677,1000,3663.300737
354.095526,1000,3665.510123
2598.019428,1000,3671.401237
2560.05636,1000,3673.645311
1865.299775,1000,3679.984323
1436.86857,1000,3682.198511
860.330828,1000,3688.028652
1754.007115,1000,3690.277915
1044.579836,1000,3696.009757
2525.060529,1000,3698.47332
2467.612527,1000,3700.649395
2425.533135,1000,3706.313919
2470.486829,1000,3708.467955
2407.93762,1000,3714.742802
1406.511431,1000,3716.885992
2486.060143,1000,3722.673359
1507.115026,1000,3725.014324
2301.715418,1000,3730.573054
2281.339766,1000,3732.855926
2420.310332,1000,3739.048347
2224.315253,1000,3741.200474
2279.673565,1000,3746.878915
2397.045673,1000,3748.964958
2393.01645,1000,3754.752663
2360.153116,1000,3756.926387
2304.866677,1000,3762.849651
2309.947553,1000,3765.040053
2453.781378,1000,3770.926133
2297.023857,1000,3773.211346
2534.410116,1000,3778.953384
2453.826431,1000,3781.104209
2379.155497,1000,3786.947117
2381.753523,1000,3789.220572
2298.232731,1000,3795.213444
2354.229146,1000,3797.330804
2398.108605,1000,3803.066647
2325.521973,1000,3805.181949
2405.966215,1000,3811.620034
2503.205019,1000,3813.824516
2327.245007,1000,3819.768833
2301.203279,1000,3822.167409
2226.425909,1000,3828.039378
2462.637964,1000,3830.3117
2251.741651,1000,3836.097246
1185.936266,1000,3838.208689
2407.746334,1000,3844.21674
2452.367683,1000,3846.474502
2437.184642,1000,3852.07358
2544.708115,1000,3854.339205
1348.579642,1000,3860.462769
821.722814,1000,3862.736577
1151.373506,1000,3869.132686
2342.445974,1000,3871.304944
2215.176956,1000,3873.549458
1517.150014,1000,3879.348889
2539.903573,1000,3881.744819
2460.46618,1000,3887.494956
2526.40917,1000,3889.828482
2412.209528,1000,3895.720773
2468.414723,1000,3897.962273
1005.107376,1000,3903.886741
2361.95607,1000,3906.24611
2367.710616,1000,3911.728985
2569.144853,1000,3913.853962
2429.659296,1000,3919.323916
2545.376328,1000,3921.445466
2475.761486,1000,3927.318884
2392.322482,1000,3929.514096
2324.065294,1000,3935.624966
2507.519305,1000,3937.90899
2458.300359,1000,3944.013095
2465.79376,1000,3946.163871
2277.329643,1000,3951.847706
2382.543691,1000,3954.047312
2285.632946,1000,3959.815424
2543.764322,1000,3962.144162
2531.248749,1000,3968.012028
2445.729529,1000,3970.154556
2593.035471,1000,3976.124759
2709.082935,1000,3978.186333
2261.258781,1000,3984.142803
2615.778447,1000,3986.448779
2685.876681,1000,3992.497136
2688.909776,1000,3994.623303
552.694614,1000,4000.161914
1482.545439,1000,4002.334328
2612.872746,1000,4008.041571
2390.026906,1000,4010.169472
2518.85625,1000,4015.615009
2678.795654,1000,4018.174264
2740.989777,1000,4024.128869
2723.182996,1000,4026.418508
2699.767424,1000,4032.197794
2580.302948,1000,4034.481862
2789.313408,1000,4036.727956
1105.12285,1000,4042.943002
1036.928273,1000,4044.810251
2679.906476,1000,4050.847056
2655.930433,1000,4053.015716
495.139321,1000,4058.690428
2523.790525,1000,4060.875704
2698.561276,1000,4066.91368
2144.673776,1000,4068.992878
2612.571788,1000,4075.27818
2513.605978,1000,4077.615304
2092.177318,1000,4083.62964
2439.269444,1000,4085.915657
2519.48907,1000,4091.806494
2754.499675,1000,4093.999687
2624.829871,1000,4099.986061
658.370938,1000,4102.184976
2633.749052,1000,4108.752009
786.124646,1000,4111.031582
623.753974,1000,4117.375417
2611.155523,1000,4119.564211
2742.068499,1000,4125.454732
2599.549582,1000,4127.763515
2654.641616,1000,4133.639436
2742.019988,1000,4135.816018
2582.219777,1000,4141.64516
2649.536547,1000,4143.867552
2705.95077,1000,4149.725836
2746.960629,1000,4152.0117
2750.875652,1000,4158.089209
2754.564958,1000,4160.350321
2727.233733,1000,4166.554772
2827.810071,1000,4168.859062
2690.663953,1000,4174.838136
727.16119,1000,4177.303238
2921.481914,1000,4183.280534
2844.644362,1000,4185.486421
2715.975291,1000,4191.348594
2869.544218,1000,4193.505475
2956.241249,1000,4199.396419
2940.245063,1000,4201.597585
2795.690588,1000,4206.990565
2829.526533,1000,4209.311589
2886.40551,1000,4211.564837
1863.058397,1000,4217.809618
2827.886142,1000,4220.029492
2854.612324,1000,4225.738416
1043.348114,1000,4227.844939
2952.052971,1000,4234.370685
2834.922433,1000,4236.550402
2863.23655,1000,4242.168815
2733.907079,1000,4244.504731
2792.27026,1000,4250.512801
2787.410113,1000,4252.741986
485.943071,1000,4258.598229
2745.034712,1000,4260.784077
2860.27758,1000,4266.949775
2880.366612,1000,4269.205004
2821.977744,1000,4275.003422
2853.847236,1000,4277.132487
2942.660816,1000,4283.241494
2819.926037,1000,4285.32007
3037.316919,1000,4291.242959
3017.175738,1000,4293.413112
2943.898495,1000,4299.476376
2938.991249,1000,4301.838611
2815.838417,1000,4307.361086
3011.458794,1000,4309.488198
2861.70407,1000,4315.67894
2920.017714,1000,4317.986184
3061.548685,1000,4323.56993
3017.894752,1000,4326.036592
3081.309014,1000,4331.914689
3103.692517,1000,4334.122762
1779.093375,1000,4340.489884
3158.61253,1000,4342.830627
1263.811376,1000,4348.555221
3132.499891,1000,4350.697742
3137.896861,1000,4356.52232
3185.854717,1000,4358.942932
3009.388076,1000,4364.525386
3133.946759,1000,4366.708242
2944.265636,1000,4373.168834
3116.020075,1000,4375.413969
2944.095965,1000,4381.304026
1462.430855,1000,4383.404075
2953.545141,1000,4385.937978
2947.485571,1000,4391.925424
3087.416649,1000,4394.091385
2910.783895,1000,4399.940415
3037.810427,1000,4402.308041
2952.763419,1000,4407.863974
3058.712988,1000,4410.032495
3010.631858,1000,4415.627182
3091.879704,1000,4417.773757
2898.40896,1000,4423.21698
2977.527021,1000,4425.389652
3026.331826,1000,4431.560035
3012.415872,1000,4433.67242
1540.003421,1000,4439.345396
2861.643756,1000,4441.605345
2917.95602,1000,4447.662943
1814.83476,1000,4450.016048
2950.139163,1000,4455.856244
2973.184073,1000,4458.215224
2863.559014,1000,4464.121621
3019.769885,1000,4466.48787
3163.178234,1000,4472.336402
2974.58893,1000,4474.752002
3026.528373,1000,4480.638
2998.69253,1000,4483.114367
2182.349186,1000,4489.139328
3228.121862,1000,4491.530544
3116.393713,1000,4497.215077
3125.43949,1000,4499.406997
3228.118342,1000,4505.456518
3149.533488,1000,4507.91792
3016.288346,1000,4513.894722
201.598643,1000,4516.26502
641.756375,1000,4522.536937
3129.824121,1000,4524.736911
2931.368266,1000,4530.649853
3085.299826,1000,4532.752505
3132.119737,1000,4538.383936
3031.079059,1000,4540.613776
3106.378258,1000,4546.564628
3023.696645,1000,4548.806794
2983.166512,1000,4554.52558
2635.680571,1000,4557.153573
2343.93941,1000,4559.243642
2884.844696,1000,4564.781059
1458.583422,1000,4566.982311
-653.663108,1000,4572.970054
2854.252811,1000,4575.199659
2716.505688,1000,4581.216574
3104.082553,1000,4583.409954
3224.436765,1000,4589.202366
637.070101,1000,4591.638927
3012.475136,1000,4597.002607
2988.734033,1000,4599.073244
959.420879,1000,4605.60434
741.819308,1000,4607.898461
3079.067503,1000,4613.930133
415.467476,1000,4616.146086
3009.803262,1000,4622.291054
1395.697501,1000,4624.476488
2774.394059,1000,4630.478793
2960.150355,1000,4632.647433
2945.464161,1000,4638.376148
3059.618336,1000,4640.603004
895.865976,1000,4646.772474
773.004707,1000,4649.024799
2984.741689,1000,4655.114043
1835.655261,1000,4657.260723
2907.953545,1000,4663.342387
2928.913935,1000,4665.599582
1600.15336,1000,4671.122326
3090.977897,1000,4673.358805
2978.010125,1000,4678.843842
3071.853055,1000,4681.075931
2969.202852,1000,4687.159864
3159.457028,1000,4689.571422
1208.894275,1000,4695.907009
1392.481499,1000,4698.338244
1211.26721,1000,4703.787843
2947.78517,1000,4706.087683
2908.410278,1000,4711.86527
3027.925113,1000,4714.370781
3218.598536,1000,4720.348443
1269.564691,1000,4722.539105
3044.523894,1000,4728.176225
3235.421641,1000,4730.492154
2447.99707,1000,4732.827174
3090.760362,1000,4738.63711
3145.753134,1000,4741.046958
3120.469868,1000,4747.133305
764.567397,1000,4749.580274
3102.79216,1000,4755.878594
3067.447989,1000,4758.060136
3133.757238,1000,4763.915396
2703.826997,1000,4766.121031
3095.960753,1000,4771.78017
3045.245572,1000,4774.006716
3099.193307,1000,4780.484173
2870.348955,1000,4782.75527
3220.796187,1000,4788.709976
2949.792176,1000,4790.97277
2833.857085,1000,4796.903665
658.717085,1000,4799.175646
3138.636174,1000,4805.164059
2944.538758,1000,4807.319743
3053.489899,1000,4812.912516
2944.02592,1000,4815.27197
2853.374752,1000,4821.211594
2226.761943,1000,4823.367238
3048.74458,1000,4829.568357
2889.475617,1000,4831.847989
2728.910055,1000,4838.211658
2926.861079,1000,4840.383756
3113.387332,1000,4846.61863
2959.282621,1000,4848.794492
2902.663675,1000,4854.76067
2973.180639,1000,4856.896113
3005.68178,1000,4862.476253
3031.550737,1000,4864.956434
3031.699547,1000,4871.045328
2596.375339,1000,4873.230193
2886.690123,1000,4879.067294
1499.645531,1000,4881.181076
2984.122574,1000,4886.965775
2942.016037,1000,4889.097687
2988.65362,1000,4894.705604
3043.423833,1000,4896.808229
3019.738479,1000,4902.424932
2310.811404,1000,4904.502663
2974.238089,1000,4906.797443
2973.746053,1000,4912.514411
1959.774211,1000,4914.681261
2948.815043,1000,4920.234019
2876.416239,1000,4922.417011
2892.656434,1000,4928.622916
2855.543341,1000,4930.894211
3080.413768,1000,4937.006992
2597.60314,1000,4939.239046
2934.854286,1000,4945.486516
2854.497934,1000,4947.921625
2851.366907,1000,4953.943556
2924.053788,1000,4955.872901
1826.09321,1000,4961.956183
3125.780881,1000,4964.169629
1382.341887,1000,4970.203429
3038.575879,1000,4972.332809
3053.342404,1000,4978.707508
3046.542324,1000,4980.858452
3075.226453,1000,4986.728067
3069.482307,1000,4988.976439
3062.745634,1000,4995.178536
3164.161514,1000,4997.380186
3080.628811,1000,5003.151893
2205.144992,1000,5005.265666
3302.168966,1000,5010.926223
3138.586732,1000,5013.087694
3078.945278,1000,5019.085508
3136.042101,1000,5021.498816
3200.510553,1000,5027.695145
3013.321703,1000,5030.002509
3078.552212,1000,5036.27345
2549.966086,1000,5038.519095
3255.492965,1000,5044.971431
2327.182485,1000,5047.252392
1852.566505,1000,5053.317789
3059.952586,1000,5055.483437
1178.811805,1000,5061.247357
3010.931897,1000,5063.300388
2984.528265,1000,5068.887543
3098.855691,1000,5071.037706
3090.653351,1000,5073.229135
1046.375899,1000,5079.392175
3090.240263,1000,5081.541131
3099.065104,1000,5087.31442
3118.037377,1000,5089.605678
2972.169486,1000,5095.749048
3027.188072,1000,5097.890354
475.229193,1000,5103.934128
3102.082132,1000,5106.13231
3203.776434,1000,5111.827286
2883.865398,1000,5114.034691
3207.383142,1000,5119.649302
3144.173229,1000,5121.825707
3053.000778,1000,5127.732478
3099.58685,1000,5129.877147
2632.006676,1000,5135.7632
3150.018054,1000,5138.013977
2989.778978,1000,5144.286534
3023.98175,1000,5146.432396
3106.926949,1000,5152.029159
3079.533372,1000,5154.252278
3098.967425,1000,5160.621774
2038.327143,1000,5162.72592
3116.949514,1000,5168.854657
2120.386857,1000,5171.003947
461.058991,1000,5177.088068
3025.617647,1000,5179.355553
3182.170954,1000,5185.48485
3031.852689,1000,5187.556714
3141.761858,1000,5193.543785
3076.106371,1000,5195.684498
3133.637015,1000,5201.644072
3203.296124,1000,5203.939309
3065.257731,1000,5209.950322
2015.906147,1000,5212.114441
3148.06888,1000,5217.947256
3058.062122,1000,5220.206027
3117.736359,1000,5226.293051
3011.003744,1000,5228.642362
3126.639235,1000,5234.16628
3155.141767,1000,5236.37558
3141.35848,1000,5242.256453
3109.474868,1000,5244.281112
2186.021881,1000,5246.536191
1290.219209,1000,5252.484913
2650.405762,1000,5254.677254
947.897629,1000,5260.584724
2882.933712,1000,5262.73453
2928.174191,1000,5268.751929
3092.17104,1000,5271.042945
2911.931737,1000,5277.181513
3205.79208,1000,5279.285661
2982.938486,1000,5285.373098
2943.924411,1000,5287.734996
2878.634362,1000,5293.809017
3086.861229,1000,5296.014743
3106.732889,1000,5301.862607
2905.543148,1000,5304.003004
3062.426951,1000,5310.277536
3048.122479,1000,5312.769743
3082.94709,1000,5322.241007
2424.818544,1000,5324.406133
3117.636228,1000,5330.119729
2766.651856,1000,5332.346036
2586.248401,1000,5338.450202
412.568863,1000,5340.730838
2243.701569,1000,5346.495449
1343.784847,1000,5348.772417
3017.772324,1000,5354.437637
3200.251505,1000,5356.64871
595.77761,1000,5362.830872
3076.406495,1000,5364.937239
3129.87965,1000,5371.067528
3201.798907,1000,5373.405517
2965.736068,1000,5379.459102
1799.770058,1000,5381.810648
3069.786635,1000,5387.7731
3133.287804,1000,5389.926699
3101.055058,1000,5396.049505
3308.558145,1000,5398.424073
3147.997366,1000,5404.480188
2507.683895,1000,5406.560504
3091.282387,1000,5412.567968
2731.415274,1000,5414.756402
3206.935444,1000,5421.081565
3161.482649,1000,5423.36623
3084.814133,1000,5425.540571
3251.126673,1000,5431.599531
2884.504686,1000,5433.8505
3156.848293,1000,5439.334689
2101.417233,1000,5441.548414
3106.819661,1000,5447.269006
2924.727698,1000,5449.555545
3140.335731,1000,5455.544709
2559.693094,1000,5457.600602
3186.081992,1000,5463.60167
3063.997705,1000,5465.849599
3087.771983,1000,5472.039553
1744.222017,1000,5474.507012
3274.917131,1000,5480.780551
3138.285283,1000,5482.861145
2128.427875,1000,5488.788644
2191.645582,1000,5491.00635
3196.413954,1000,5497.233527
1193.619136,1000,5499.329981
3145.806041,1000,5505.585318
3056.883279,1000,5507.701164
3280.646269,1000,5513.803677
3158.192138,1000,5516.212205
3078.87563,1000,5521.81571
3044.778345,1000,5524.049281
2943.069089,1000,5530.374489
3080.575166,1000,5532.686697
3216.64833,1000,5538.730715
3288.088116,1000,5541.000989
1369.272373,1000,5546.943041
2466.726427,1000,5549.21473
3105.678289,1000,5555.198575
3102.197319,1000,5557.547244
2925.590905,1000,5563.317629
3210.303814,1000,5565.529741
3233.464101,1000,5571.572067
3173.712525,1000,5573.871679
3092.573573,1000,5579.829104
3291.176501,1000,5581.942075
3319.743539,1000,5587.874217
3155.880526,1000,5590.145101
1955.233785,1000,5595.981183
3060.084119,1000,5598.270068
3330.327807,1000,5600.56745
2488.797278,1000,5606.865076
1731.735981,1000,5608.954894
3115.443222,1000,5614.618238
2305.627713,1000,5616.847449
3142.59991,1000,5623.041491
2581.336219,1000,5625.194789
3270.544663,1000,5630.837643
836.238593,1000,5633.029343
3224.814516,1000,5638.961013
3391.974151,1000,5641.221387
3183.939305,1000,5647.37376
3318.613863,1000,5649.837607
3292.80055,1000,5655.730299
3197.661312,1000,5657.964736
3162.322543,1000,5664.219807
3239.667693,1000,5666.544733
2873.110484,1000,5672.245312
3240.544232,1000,5674.631718
3293.63018,1000,5680.558962
3281.552944,1000,5683.010837
3267.761497,1000,5689.16672
3323.197174,1000,5691.451472
3192.392824,1000,5697.456881
3214.240417,1000,5699.732715
3302.964436,1000,5705.770808
3279.976319,1000,5708.137873
2734.439432,1000,5714.0411
3235.422355,1000,5716.312984
3251.813845,1000,5722.143136
3210.113636,1000,5724.378418
1462.373537,1000,5730.128763
1003.289168,1000,5732.298528
2526.700815,1000,5738.318109
3295.045746,1000,5740.700915
1921.622159,1000,5746.513342
3131.395883,1000,5748.717701
1431.428312,1000,5754.557237
1125.65696,1000,5756.76405
1213.290978,1000,5762.358831
3148.387189,1000,5764.569795
3145.494207,1000,5770.771192
2893.020839,1000,5772.988469
3279.088256,1000,5775.310259
3292.500648,1000,5781.67541
3315.127408,1000,5783.855976
3225.633281,1000,5789.366161
3203.398529,1000,5791.590551
914.703234,1000,5797.500677
713.741619,1000,5799.642292
3116.884771,1000,5805.642017
3343.899633,1000,5807.94471
3268.814922,1000,5813.637695
3160.583531,1000,5815.958199
1452.216391,1000,5822.103568
963.90987,1000,5824.478688
3337.929086,1000,5830.807466
3410.542032,1000,5832.95039
3176.985201,1000,5839.144793
3209.818152,1000,5841.468305
3038.920978,1000,5847.484221
3281.927247,1000,5849.744949
1285.751782,1000,5855.516596
1224.674064,1000,5857.794638
3160.898398,1000,5863.935357
3258.250527,1000,5866.060004
3243.791778,1000,5872.190865
2676.877081,1000,5874.507702
3241.458672,1000,5880.772392
1676.934962,1000,5882.881179
1933.108291,1000,5888.844061
3243.129181,1000,5891.020309
2184.725984,1000,5897.010585
3243.669518,1000,5899.23551
3127.790659,1000,5905.336907
3222.802841,1000,5907.519102
3096.474283,1000,5913.632559
3341.346935,1000,5915.794137
3094.107154,1000,5921.687385
2973.655169,1000,5923.921304
3258.347022,1000,5930.232565
776.024736,1000,5932.478411
3321.305176,1000,5938.620382
2482.343506,1000,5940.957791
2945.83262,1000,5946.774704
3110.30677,1000,5949.101052
2837.252944,1000,5951.371992
3036.140895,1000,5957.408875
3100.518441,1000,5959.753884
1076.651481,1000,5965.76845
3105.070128,1000,5968.130313
3079.597762,1000,5973.772429
3088.040636,1000,5975.869329
3266.190149,1000,5981.836181
3159.735717,1000,5984.151684
3258.064043,1000,5990.081179
3201.571838,1000,5992.48866
827.682483,1000,5998.675995
2843.696141,1000,6000.948526
2225.339824,1000,6007.250873
3206.954679,1000,6009.573349
721.622909,1000,6015.439634
3305.752389,1000,6017.834105
2883.411727,1000,6023.939034
3242.594052,1000,6026.277048
3054.899177,1000,6032.20023
2981.539618,1000,6034.406977
3248.645204,1000,6040.129971
3220.317899,1000,6042.229069
630.805278,1000,6048.200217
3214.686883,1000,6050.418073
3258.464562,1000,6056.47215
3272.740548,1000,6058.935875
3278.205221,1000,6064.662584
3120.730385,1000,6066.815979
3160.095484,1000,6072.701921
3159.037178,1000,6074.8876
3398.146572,1000,6081.172468
2509.777793,1000,6083.425693
466.091795,1000,6089.557625
3374.882663,1000,6091.794781
3326.349059,1000,6097.942028
3369.852225,1000,6100.250466
3461.95429,1000,6106.213458
3147.054607,1000,6108.354834
709.842832,1000,6114.732918
3432.812517,1000,6117.046482
3295.314759,1000,6119.229042
3464.609527,1000,6124.799463
3390.011717,1000,6127.064562
3375.096475,1000,6133.0465
1317.464218,1000,6135.167633
2892.720289,1000,6141.2751
2699.164969,1000,6143.427085
3343.193325,1000,6149.288162
1543.835807,1000,6151.664359
3290.315642,1000,6157.286844
2209.852483,1000,6159.393733
3393.234535,1000,6165.400589
3562.835459,1000,6167.53561
1677.803171,1000,6173.650866
3211.947418,1000,6175.780513
3151.446152,1000,6181.868465
3213.700649,1000,6183.980335
3360.793637,1000,6190.058176
3323.548802,1000,6192.423741
3237.748897,1000,6198.537481
3445.775769,1000,6200.760751
3460.377453,1000,6206.752534
3175.562447,1000,6209.027853
1258.126782,1000,6215.092107
3256.47676,1000,6217.322554
3449.255443,1000,6223.427181
3236.179896,1000,6225.516275
3365.521102,1000,6231.48555
3126.438775,1000,6233.705238
3424.603125,1000,6239.957652
3403.296521,1000,6242.155973
3042.241449,1000,6248.500077
3177.813757,1000,6250.386751
3484.571785,1000,6256.327235
3221.181408,1000,6258.440697
3374.592479,1000,6264.311399
3232.875263,1000,6266.616702
3315.193788,1000,6272.847764
2901.497818,1000,6275.023892
3404.742689,1000,6281.035733
3141.168487,1000,6283.367936
3409.731128,1000,6289.322055
3252.720453,1000,6291.628072
3310.536089,1000,6293.935706
3144.28077,1000,6299.965932
3284.494186,1000,6302.113429
3361.806488,1000,6308.364634
3302.033871,1000,6310.63955
3343.991247,1000,6316.557351
3033.750993,1000,6318.680393
3071.561265,1000,6324.984654
3229.249849,1000,6327.153563
3327.713274,1000,6333.453427
3210.873871,1000,6335.753541
523.397527,1000,6342.009486
3346.430021,1000,6344.193668
815.745121,1000,6350.188698
2269.450779,1000,6352.337655
3050.898069,1000,6358.359459
3215.312599,1000,6360.680168
3114.049901,1000,6366.577365
3332.244368,1000,6368.702316
3240.42101,1000,6374.603505
3316.540243,1000,6376.974944
977.739677,1000,6382.943365
3261.352917,1000,6385.146438
1662.214676,1000,6390.959709
3322.275689,1000,6393.142243
3283.952849,1000,6398.96078
3318.611943,1000,6401.181131
3271.318575,1000,6407.068412
3353.558124,1000,6409.310853
3285.919729,1000,6415.325875
3201.724167,1000,6417.653566
3314.816051,1000,6423.744381
3497.876003,1000,6426.042917
3307.352428,1000,6431.95381
1170.118708,1000,6434.258533
3343.749692,1000,6440.114369
3275.936288,1000,6442.321864
3155.871972,1000,6448.943166
3299.360999,1000,6451.092766
3329.098798,1000,6456.880641
3353.150767,1000,6459.045951
3258.466677,1000,6465.103027
3355.707444,1000,6467.324172
845.340751,1000,6469.488564
3390.166702,1000,6475.634179
2691.127899,1000,6477.940296
3361.486744,1000,6483.734925
3317.269001,1000,6486.01831
2782.406406,1000,6492.239
3305.717336,1000,6494.372681
2236.022773,1000,6500.216586
3507.423877,1000,6502.595765
1740.722333,1000,6508.529446
548.137626,1000,6510.711931
3491.7877,1000,6516.810879
3589.773756,1000,6519.206402
3518.049211,1000,6525.155355
3512.138183,1000,6527.367738
3724.891714,1000,6533.349638
620.304923,1000,6535.532336
3384.187258,1000,6541.700683
3570.970723,1000,6544.091162
3185.511977,1000,6550.36914
3409.2374,1000,6552.742002
3466.957509,1000,6558.938425
750.105577,1000,6561.294225
3562.437243,1000,6567.512694
3653.517597,1000,6569.74184
3486.915664,1000,6575.949113
3543.087902,1000,6578.220876
433.39621,1000,6584.39469
3458.776374,1000,6586.588548
2037.002296,1000,6592.740967
3574.379849,1000,6595.111194
3524.191378,1000,6601.497906
3169.485567,1000,6603.816133
1116.304063,1000,6609.962741
3363.390438,1000,6612.250513
3192.134515,1000,6618.315078
3486.99115,1000,6620.606232
3309.199546,1000,6626.429621
1906.363828,1000,6628.644014
828.614882,1000,6634.64485
3542.284801,1000,6636.881759
3445.785797,1000,6643.130587
3552.999322,1000,6645.389697
3626.373665,1000,6647.640601
2343.460658,1000,6653.280545
3499.163988,1000,6655.646726
3574.050642,1000,6661.616977
3482.818132,1000,6663.842788
1086.08847,1000,6670.188684
3700.253267,1000,6672.532593
1153.814419,1000,6678.61649
1424.81068,1000,6680.601308
3521.135056,1000,6686.749009
3584.162016,1000,6689.124714
3532.728513,1000,6694.875031
3680.469599,1000,6697.064556
1514.509178,1000,6703.010511
2208.367052,1000,6705.254319
3368.603142,1000,6711.27216
3283.428742,1000,6713.533064
3612.924044,1000,6719.338918
1680.756787,1000,6721.583899
2308.326754,1000,6727.914539
792.239973,1000,6730.211585
3450.08131,1000,6735.888745
3449.082576,1000,6738.021847
2056.575549,1000,6744.08586
3177.536804,1000,6746.306968
341.88978,1000,6752.313575
3435.875301,1000,6754.604767
3463.041149,1000,6761.25548
3295.973433,1000,6763.482835
3567.842075,1000,6769.667283
3522.147354,1000,6772.022232
3148.497706,1000,6778.056948
3535.164064,1000,6780.346211
3428.41915,1000,6786.459679
3351.251844,1000,6788.892857
3436.716013,1000,6795.058512
3529.876547,1000,6797.234611
3406.93404,1000,6803.02233
3578.066894,1000,6805.305476
1535.880083,1000,6811.196531
3420.657295,1000,6813.563813
2575.185069,1000,6820.158407
1066.421498,1000,6822.42849
3445.508977,1000,6824.49272
288.34749,1000,6830.786888
3326.967708,1000,6833.071753
3295.312944,1000,6839.193922
1352.462046,1000,6841.393399
3352.053183,1000,6847.570176
3293.551761,1000,6849.71395
1070.817876,1000,6856.071994
766.369323,1000,6858.412298
2997.680506,1000,6867.852795
1608.469507,1000,6870.155674
1208.990529,1000,6878.81533
3017.97788,1000,6881.219381
3134.610008,1000,6887.42955
3160.358613,1000,6889.577234
2941.123559,1000,6895.448576
3103.14877,1000,6897.82115
3288.959067,1000,6903.803466
3197.606126,1000,6905.917648
728.90254,1000,6911.835168
3212.843789,1000,6914.140034
3127.622408,1000,6920.139753
3182.450666,1000,6922.366252
2920.91153,1000,6928.516759
3307.785912,1000,6930.67426
2293.072871,1000,6936.475974
1110.150602,1000,6938.628005
3134.709023,1000,6944.922442
3143.193966,1000,6947.164349
3131.690598,1000,6953.234521
3029.857329,1000,6955.462343
3066.764053,1000,6961.027666
3071.316232,1000,6963.275268
3099.948911,1000,6968.977769
2877.188086,1000,6971.190742
3246.807126,1000,6977.516473
3361.992516,1000,6979.670964
3115.811698,1000,6985.80864
3349.127966,1000,6988.020769
3199.543579,1000,6994.150177
2995.59035,1000,6996.473231
3130.749523,1000,7002.619493
2904.668954,1000,7004.83763
3170.720086,1000,7007.196342
3031.818669,1000,7013.220613
3239.690242,1000,7015.498943
3261.47902,1000,7021.32125
3282.017156,1000,7023.495647
3254.957675,1000,7029.331318
3121.272725,1000,7031.580106
3295.121015,1000,7037.821839
3349.38138,1000,7040.149376
3299.761899,1000,7046.143906
3237.121672,1000,7048.467847
3091.773713,1000,7054.50494
3038.833538,1000,7056.976139
3256.023823,1000,7062.854783
927.326193,1000,7065.04829
3103.734109,1000,7071.294246
3103.306041,1000,7073.713479
3220.302668,1000,7079.932285
3208.321499,1000,7082.258136
3261.370572,1000,7088.431425
691.397475,1000,7090.726371
3109.015704,1000,7096.923334
3243.798362,1000,7099.304266
3160.648726,1000,7105.274631
3492.390357,1000,7107.707237
3240.820475,1000,7113.544244
3378.615335,1000,7115.827404
3344.440409,1000,7122.057782
3366.375482,1000,7124.282016
1537.929705,1000,7130.14548
1632.608626,1000,7132.287514
3371.686952,1000,7138.019524
3558.877842,1000,7140.180604
3186.81047,1000,7146.257149
3445.301598,1000,7148.5105
1115.220384,1000,7154.486885
3292.391186,1000,7156.887047
3291.97218,1000,7162.571563
3260.202439,1000,7164.743518
3322.028395,1000,7170.584533
1999.707451,1000,7172.988235
2581.826609,1000,7175.081759
3521.119564,1000,7180.886703
986.008822,1000,7183.16476
2808.255923,1000,7189.045595
3300.107069,1000,7191.161961
3374.38816,1000,7197.771343
2723.176052,1000,7200.074627
3552.1312,1000,7206.242193
1136.867594,1000,7208.496811
2688.739009,1000,7214.778983
1645.915833,1000,7217.022768
3300.43384,1000,7222.645471
-1962.50659,1000,7225.003249
316.650624,1000,7231.589393
3322.00147,1000,7233.85248
3364.910446,1000,7239.980488
2705.961854,1000,7242.141993
1681.257555,1000,7248.065446
3226.873756,1000,7250.381926
3108.614352,1000,7256.515165
1104.634843,1000,7258.683066
3175.567304,1000,7264.641642
3372.988813,1000,7266.71959
3288.159404,1000,7272.861134
3211.687189,1000,7275.035084
3213.775537,1000,7280.978812
3571.353763,1000,7283.023503
3116.582646,1000,7288.855507
925.36452,1000,7290.980294
607.469952,1000,7297.398147
694.891536,1000,7299.521936
3214.992429,1000,7305.746374
1165.206545,1000,7308.003615
3094.684493,1000,7314.372026
3387.782432,1000,7316.710737
1174.59754,1000,7323.090621
3411.625346,1000,7325.37315
3336.766951,1000,7331.757028
3215.683139,1000,7334.052591
3304.770928,1000,7340.299999
3318.855483,1000,7342.572633
2844.632026,1000,7348.528457
2734.135973,1000,7350.704212
3287.330968,1000,7353.066364
3455.6707,1000,7359.186816
3087.381061,1000,7361.349726
3192.414822,1000,7367.031394
2799.970863,1000,7369.147557
3278.317014,1000,7375.217856
3321.14663,1000,7377.291147
3463.150947,1000,7383.527839
1383.325606,1000,7385.838398
3430.754994,1000,7392.179883
1858.215744,1000,7394.36546
3383.308968,1000,7400.616601
3272.749072,1000,7402.691638
2434.043949,1000,7408.881613
2877.049905,1000,7411.112976
3358.492081,1000,7417.321795
3590.307929,1000,7419.499167
3457.512697,1000,7425.475862
2322.389921,1000,7427.598596
2055.787427,1000,7433.491615
1406.951247,1000,7435.55777
3424.996022,1000,7441.7623
3302.390864,1000,7444.062479
3293.765848,1000,7450.482756
3608.437318,1000,7452.724308
3251.270977,1000,7458.647517
2081.64727,1000,7460.820377
3444.607451,1000,7467.125494
3383.9283,1000,7469.44301
3392.931102,1000,7475.314066
3320.672876,1000,7477.527026
3430.934552,1000,7483.421595
3592.428617,1000,7485.551764
2603.879101,1000,7491.759491
3390.797273,1000,7494.034866
3696.190643,1000,7500.306257
3439.998248,1000,7502.628843
3224.039586,1000,7508.549081
3412.235121,1000,7510.750017
3543.125911,1000,7516.740754
931.055403,1000,7518.905792
2388.075399,1000,7525.003186
1157.68835,1000,7527.265235
3480.906299,1000,7529.455206
3630.851419,1000,7535.366567
335.446577,1000,7537.505338
3335.623099,1000,7543.319524
3838.132113,1000,7545.643261
3452.431825,1000,7552.195611
752.219286,1000,7554.486463
1749.139835,1000,7560.693093
3383.344825,1000,7563.005073
3059.048331,1000,7569.388098
3550.499088,1000,7571.524412
3584.412523,1000,7578.040977
1535.862743,1000,7580.287199
3500.232075,1000,7586.537631
3429.027877,1000,7588.549582
3080.078277,1000,7594.81601
2071.233095,1000,7597.090132
1401.467648,1000,7603.777177
3544.498295,1000,7606.07885
3557.026781,1000,7612.249009
3389.035821,1000,7614.440105
3375.306497,1000,7620.806322
3305.781863,1000,7623.192214
3473.489752,1000,7629.78513
1428.599757,1000,7632.132084
2574.96705,1000,7638.082642
2340.886533,1000,7640.212335
2188.138831,1000,7645.81555
3397.454056,1000,7647.957977
3442.387546,1000,7654.260323
3390.747219,1000,7656.603006
3354.644114,1000,7662.994588
3432.438382,1000,7665.27181
1708.320449,1000,7672.178349
3266.967661,1000,7674.256373
3560.975912,1000,7680.548627
3510.521167,1000,7682.912216
3275.515622,1000,7689.169256
960.056669,1000,7691.32128
1611.814281,1000,7697.816364
3555.598271,1000,7700.195796
3545.75937,1000,7705.966449
3379.106827,1000,7708.117911
2095.930188,1000,7710.346633
3427.229322,1000,7716.77325
3554.102588,1000,7719.098661
3505.24618,1000,7725.710266
1740.247614,1000,7727.952712
3648.441868,1000,7733.999943
3323.713102,1000,7736.33289
3336.963357,1000,7743.015569
3354.48733,1000,7745.33374
697.872504,1000,7751.721837
3394.927083,1000,7754.066834
3355.293583,1000,7760.430557
3591.783747,1000,7762.809661
3588.27846,1000,7769.216798
2887.106099,1000,7771.480021
3484.043685,1000,7777.673085
3471.400495,1000,7779.790016
3382.380886,1000,7785.782837
3262.482533,1000,7787.881843
3555.002044,1000,7794.314958
1430.437327,1000,7796.54293
3338.950494,1000,7803.047511
3486.636747,1000,7805.133738
3415.235251,1000,7811.265445
3389.393154,1000,7813.538379
2605.917029,1000,7819.685835
3396.193752,1000,7821.78437
1391.985058,1000,7827.804299
3436.335993,1000,7829.897416
3507.433129,1000,7835.625717
3267.784261,1000,7837.706489
3538.994912,1000,7843.928692
3266.027189,1000,7846.32447
841.766014,1000,7852.613215
3503.295593,1000,7854.848209
3261.781787,1000,7861.224799
3318.384504,1000,7863.366141
3462.677779,1000,7869.489694
3242.811567,1000,7871.845075
3550.134291,1000,7877.985264
692.000856,1000,7880.270228
2319.398492,1000,7886.369946
3685.719684,1000,7888.706022
3402.045739,1000,7890.819581
3415.18088,1000,7897.098875
3371.591486,1000,7899.453801
2903.173897,1000,7905.656307
3728.618194,1000,7907.863766
3307.164619,1000,7914.030641
3616.319863,1000,7916.48927
2820.385039,1000,7922.931789
3427.441623,1000,7925.198782
3208.048568,1000,7931.974699
1975.443657,1000,7934.195634
3398.277802,1000,7940.415045
3285.875582,1000,7942.824383
3556.263328,1000,7949.185362
3117.028768,1000,7951.50065
3301.932741,1000,7957.915946
1515.518003,1000,7960.106073
3420.978425,1000,7966.190699
1004.872013,1000,7968.537522
3621.003695,1000,7975.060644
3447.287494,1000,7977.35395
1126.481357,1000,7983.800479
-1041.349672,1000,7985.92406
251.703603,1000,7991.763805
3293.636158,1000,7993.691236
3370.250161,1000,7999.433865
3537.399688,1000,8001.405662
3141.127032,1000,8007.193295
2933.459625,1000,8009.128179
3099.152186,1000,8014.726119
3143.488157,1000,8016.890141
3215.306833,1000,8022.17663
3206.426287,1000,8024.121856
3413.668996,1000,8029.191626
3268.332484,1000,8031.195665
3296.439249,1000,8036.588907
215.427138,1000,8038.499048
3359.517144,1000,8043.644065
3475.886368,1000,8045.6319
