#{"t_start": 1535018474.9557319, "env_id": "InvertedPendulum-v2"}
r,l,t
5.0,5,0.731434
6.0,6,0.746652
4.0,4,0.757203
13.0,13,0.788987
6.0,6,0.803174
5.0,5,0.813595
20.0,20,0.85705
7.0,7,0.872812
13.0,13,0.901441
5.0,5,0.912032
6.0,6,0.925351
11.0,11,0.949173
3.0,3,0.955835
9.0,9,0.980767
11.0,11,1.01005
9.0,9,1.030006
3.0,3,1.037211
14.0,14,1.066882
10.0,10,1.088103
4.0,4,1.097369
6.0,6,1.11202
11.0,11,1.139969
4.0,4,1.14997
5.0,5,1.163592
8.0,8,1.184882
4.0,4,1.195462
12.0,12,1.227621
3.0,3,1.235833
24.0,24,1.298237
8.0,8,1.318865
6.0,6,1.334898
9.0,9,1.357271
5.0,5,1.370819
9.0,9,1.394128
8.0,8,1.414118
5.0,5,1.427255
12.0,12,1.45787
6.0,6,1.473507
5.0,5,1.486904
5.0,5,1.499908
15.0,15,1.538039
7.0,7,1.556571
21.0,21,1.611315
3.0,3,1.619229
8.0,8,1.640403
11.0,11,1.668858
5.0,5,1.681386
5.0,5,1.694385
14.0,14,1.729615
7.0,7,1.747418
5.0,5,1.760138
4.0,4,1.770914
5.0,5,1.784446
8.0,8,1.80297
8.0,8,1.819908
6.0,6,1.832412
5.0,5,1.843869
15.0,15,1.876516
7.0,7,1.891645
6.0,6,1.904853
3.0,3,1.91218
6.0,6,1.926171
5.0,5,1.937412
5.0,5,1.94933
11.0,11,1.976544
7.0,7,1.99449
11.0,11,2.022385
7.0,7,2.038785
8.0,8,2.05734
19.0,19,2.098026
10.0,10,2.118636
5.0,5,2.12875
12.0,12,2.152954
6.0,6,2.165622
4.0,4,2.174227
40.0,40,2.26084
7.0,7,2.275439
8.0,8,2.293044
5.0,5,2.302966
3.0,3,2.309097
4.0,4,2.317346
5.0,5,2.327741
5.0,5,2.33879
13.0,13,2.36492
19.0,19,2.413404
3.0,3,2.422616
9.0,9,2.449632
13.0,13,2.486953
5.0,5,2.50228
4.0,4,2.514104
13.0,13,2.543533
7.0,7,2.559731
6.0,6,2.573871
8.0,8,2.592242
6.0,6,2.60547
7.0,7,2.620806
9.0,9,2.642871
4.0,4,2.655632
8.0,8,2.679513
5.0,5,2.695094
18.0,18,2.742532
12.0,12,2.771829
5.0,5,2.784115
10.0,10,2.809769
7.0,7,2.825251
7.0,7,2.840563
6.0,6,2.853154
4.0,4,2.861767
5.0,5,2.873284
3.0,3,2.879768
5.0,5,2.890342
6.0,6,2.903523
10.0,10,2.925678
10.0,10,2.947638
9.0,9,2.969579
8.0,8,2.989063
9.0,9,3.010496
4.0,4,3.01946
7.0,7,3.034982
6.0,6,3.048278
7.0,7,3.06522
5.0,5,3.077768
6.0,6,3.092371
5.0,5,3.103697
7.0,7,3.119211
3.0,3,3.126255
15.0,15,3.158864
5.0,5,3.169469
18.0,18,3.208218
4.0,4,3.216865
5.0,5,3.228873
7.0,7,3.244772
25.0,25,3.306666
10.0,10,3.330015
15.0,15,3.367553
10.0,10,3.3925
5.0,5,3.405436
14.0,14,3.440342
5.0,5,3.452451
8.0,8,3.470247
4.0,4,3.479626
6.0,6,3.4932
6.0,6,3.50715
6.0,6,3.519508
8.0,8,3.535473
6.0,6,3.54791
8.0,8,3.564692
3.0,3,3.571464
7.0,7,3.585883
4.0,4,3.595116
28.0,28,3.659125
7.0,7,3.67479
5.0,5,3.685575
22.0,22,3.734966
6.0,6,3.748046
4.0,4,3.756526
16.0,16,3.797023
17.0,17,3.845535
16.0,16,3.892199
6.0,6,3.910325
8.0,8,3.932982
9.0,9,3.958001
9.0,9,3.978775
5.0,5,3.988967
10.0,10,4.009495
7.0,7,4.023634
6.0,6,4.036072
5.0,5,4.046214
4.0,4,4.054272
11.0,11,4.076083
3.0,3,4.082521
7.0,7,4.09655
7.0,7,4.110177
16.0,16,4.141925
5.0,5,4.152203
7.0,7,4.167591
5.0,5,4.178763
13.0,13,4.211265
21.0,21,4.256732
4.0,4,4.26548
6.0,6,4.278664
8.0,8,4.296166
8.0,8,4.316202
6.0,6,4.329398
10.0,10,4.350683
14.0,14,4.381516
6.0,6,4.395299
7.0,7,4.411221
12.0,12,4.437375
6.0,6,4.451049
4.0,4,4.459992
6.0,6,4.473427
10.0,10,4.49583
8.0,8,4.5128
15.0,15,4.549692
9.0,9,4.567979
8.0,8,4.583172
4.0,4,4.590701
6.0,6,4.602835
5.0,5,4.613238
21.0,21,4.658115
11.0,11,4.68856
5.0,5,4.70297
7.0,7,4.722638
6.0,6,4.739906
7.0,7,4.760565
11.0,11,4.786512
6.0,6,4.80011
4.0,4,4.809613
8.0,8,4.828386
12.0,12,4.859952
7.0,7,4.880453
4.0,4,4.891693
13.0,13,4.920474
5.0,5,4.931643
5.0,5,4.942672
11.0,11,4.966013
9.0,9,4.985836
14.0,14,5.015023
11.0,11,5.037884
9.0,9,5.058968
7.0,7,5.076164
10.0,10,5.100392
8.0,8,5.117411
5.0,5,5.128149
6.0,6,5.140916
12.0,12,5.166096
9.0,9,5.185041
7.0,7,5.200224
8.0,8,5.2172
10.0,10,5.237955
8.0,8,5.254929
10.0,10,5.280356
6.0,6,5.295219
9.0,9,5.317765
6.0,6,5.333193
10.0,10,5.357576
10.0,10,5.382608
4.0,4,5.392874
22.0,22,5.450297
17.0,17,5.488323
9.0,9,5.507767
4.0,4,5.516958
11.0,11,5.540123
5.0,5,8.939027
12.0,12,8.966992
6.0,6,8.980005
16.0,16,9.013413
4.0,4,9.022424
12.0,12,9.049195
5.0,5,9.061417
5.0,5,9.074768
7.0,7,9.091609
12.0,12,9.12021
16.0,16,9.159187
22.0,22,9.211228
4.0,4,9.221627
5.0,5,9.235379
11.0,11,9.263358
12.0,12,9.29453
6.0,6,9.309571
6.0,6,9.324868
4.0,4,9.337798
9.0,9,9.364375
8.0,8,9.387633
6.0,6,9.405335
6.0,6,9.420545
10.0,10,9.441897
22.0,22,9.488353
4.0,4,9.497651
11.0,11,9.520912
4.0,4,9.529541
13.0,13,9.557238
8.0,8,9.573656
17.0,17,9.608999
4.0,4,9.617333
7.0,7,9.63201
6.0,6,9.645069
21.0,21,9.688834
8.0,8,9.705581
8.0,8,9.722468
11.0,11,9.745842
9.0,9,9.764819
4.0,4,9.773328
5.0,5,9.783828
8.0,8,9.800788
13.0,13,9.828664
16.0,16,9.861819
7.0,7,9.877436
13.0,13,9.904819
12.0,12,9.93034
12.0,12,9.955437
7.0,7,9.970816
5.0,5,9.981688
8.0,8,9.998932
9.0,9,10.01856
7.0,7,10.033916
4.0,4,10.042469
11.0,11,10.065505
10.0,10,10.091692
6.0,6,10.108645
5.0,5,10.123761
15.0,15,10.164634
7.0,7,10.184255
8.0,8,10.20302
5.0,5,10.213477
3.0,3,10.219809
6.0,6,10.232263
11.0,11,10.25581
9.0,9,10.274587
7.0,7,10.290645
4.0,4,10.300517
7.0,7,10.318856
8.0,8,10.336841
9.0,9,10.356069
5.0,5,10.366944
12.0,12,10.392439
6.0,6,10.405103
11.0,11,10.428552
8.0,8,10.446264
5.0,5,10.458871
6.0,6,10.473886
7.0,7,10.491504
6.0,6,10.507174
7.0,7,10.524335
7.0,7,10.541918
3.0,3,10.549229
4.0,4,10.558845
7.0,7,10.576535
5.0,5,10.589198
4.0,4,10.599219
8.0,8,10.618352
3.0,3,10.626136
4.0,4,10.63578
4.0,4,10.645392
30.0,30,10.717186
5.0,5,10.729334
6.0,6,10.743777
10.0,10,10.768682
4.0,4,10.778811
7.0,7,10.794312
17.0,17,10.829824
13.0,13,10.856535
6.0,6,10.869777
14.0,14,10.898711
4.0,4,10.907676
4.0,4,10.916135
4.0,4,10.924652
39.0,39,11.007002
7.0,7,11.022168
15.0,15,11.052934
5.0,5,11.063602
6.0,6,11.077542
4.0,4,11.087233
7.0,7,11.104109
5.0,5,11.115838
4.0,4,11.125758
19.0,19,11.170065
5.0,5,11.182086
11.0,11,11.207761
8.0,8,11.227266
12.0,12,11.255371
6.0,6,11.269673
10.0,10,11.294778
3.0,3,11.302647
4.0,4,11.31285
16.0,16,11.351326
13.0,13,11.383129
6.0,6,11.39823
5.0,5,11.410301
5.0,5,11.422764
8.0,8,11.439537
16.0,16,11.473754
14.0,14,11.50356
8.0,8,11.520665
9.0,9,11.539691
19.0,19,11.577052
5.0,5,11.586422
3.0,3,11.592283
15.0,15,11.62001
7.0,7,11.632831
12.0,12,11.655493
4.0,4,11.663459
6.0,6,11.67541
10.0,10,11.694175
10.0,10,11.713176
13.0,13,11.737263
7.0,7,11.751962
6.0,6,11.764984
15.0,15,11.796207
4.0,4,11.804924
4.0,4,11.813604
6.0,6,11.826885
14.0,14,11.856402
14.0,14,11.885283
18.0,18,11.924702
4.0,4,11.933991
15.0,15,11.967849
20.0,20,12.012645
10.0,10,12.035685
19.0,19,12.077483
13.0,13,12.106591
6.0,6,12.120192
4.0,4,12.12928
8.0,8,12.147789
12.0,12,12.177616
13.0,13,12.205206
9.0,9,12.224942
4.0,4,12.233833
8.0,8,12.250932
24.0,24,12.303538
23.0,23,12.359803
8.0,8,12.380097
23.0,23,12.448406
16.0,16,12.486487
12.0,12,12.511877
6.0,6,12.524859
5.0,5,12.536402
6.0,6,12.549778
13.0,13,12.577919
4.0,4,12.586791
4.0,4,12.596057
6.0,6,12.609524
16.0,16,12.643915
11.0,11,12.667666
5.0,5,12.678541
15.0,15,12.709831
8.0,8,12.726863
4.0,4,12.73533
3.0,3,12.742204
4.0,4,12.750845
5.0,5,12.762115
9.0,9,12.781749
15.0,15,12.816309
4.0,4,12.826334
23.0,23,12.882878
9.0,9,12.905113
10.0,10,12.928918
8.0,8,12.949003
4.0,4,12.959185
11.0,11,12.98593
10.0,10,13.010587
4.0,4,13.021192
23.0,23,13.077135
5.0,5,13.090022
4.0,4,13.10029
4.0,4,13.111016
9.0,9,13.133241
4.0,4,13.142882
10.0,10,13.166733
4.0,4,13.177128
10.0,10,13.202474
24.0,24,13.259171
4.0,4,13.269494
8.0,8,13.290149
14.0,14,13.325778
8.0,8,13.346376
4.0,4,13.357585
9.0,9,13.380094
7.0,7,13.397162
6.0,6,13.412503
5.0,5,13.424924
8.0,8,13.445438
6.0,6,13.459556
10.0,10,13.484513
6.0,6,13.500933
11.0,11,13.530321
7.0,7,13.549074
12.0,12,13.579537
6.0,6,13.596353
5.0,5,13.609179
7.0,7,13.627412
11.0,11,16.854366
7.0,7,16.875305
8.0,8,16.899945
7.0,7,16.920967
7.0,7,16.940285
4.0,4,16.949055
13.0,13,16.976651
4.0,4,16.985842
6.0,6,16.998555
14.0,14,17.028257
14.0,14,17.05836
10.0,10,17.079493
8.0,8,17.095703
4.0,4,17.104413
9.0,9,17.123253
9.0,9,17.142605
6.0,6,17.15508
11.0,11,17.177961
9.0,9,17.197011
14.0,14,17.226468
11.0,11,17.249163
12.0,12,17.274631
8.0,8,17.291905
8.0,8,17.309431
4.0,4,17.318001
12.0,12,17.343317
25.0,25,17.395764
18.0,18,17.437268
11.0,11,17.463633
10.0,10,17.488196
13.0,13,17.521043
11.0,11,17.547724
21.0,21,17.600647
17.0,17,17.644748
19.0,19,17.693189
11.0,11,17.721392
6.0,6,17.736597
21.0,21,17.790463
13.0,13,17.816338
5.0,5,17.82686
5.0,5,17.837265
7.0,7,17.851642
9.0,9,17.869447
6.0,6,17.881764
17.0,17,17.91771
10.0,10,17.940465
7.0,7,17.956467
7.0,7,17.972232
14.0,14,18.002105
12.0,12,18.027573
19.0,19,18.066895
11.0,11,18.090241
14.0,14,18.118011
5.0,5,18.129432
9.0,9,18.14734
7.0,7,18.162419
12.0,12,18.187166
18.0,18,18.225283
6.0,6,18.239033
7.0,7,18.256319
5.0,5,18.267356
11.0,11,18.292673
23.0,23,18.344139
5.0,5,18.355558
9.0,9,18.376429
9.0,9,18.397305
6.0,6,18.411272
5.0,5,18.423038
5.0,5,18.435492
8.0,8,18.453937
9.0,9,18.475115
12.0,12,18.501564
4.0,4,18.511401
5.0,5,18.5234
5.0,5,18.535336
15.0,15,18.570923
7.0,7,18.587804
11.0,11,18.61243
8.0,8,18.631438
31.0,31,18.703388
19.0,19,18.747951
14.0,14,18.779654
13.0,13,18.808839
6.0,6,18.82319
5.0,5,18.834708
5.0,5,18.846473
4.0,4,18.856132
9.0,9,18.877742
7.0,7,18.89319
7.0,7,18.909005
20.0,20,18.954725
10.0,10,18.978295
9.0,9,18.999343
11.0,11,19.023937
19.0,19,19.067352
22.0,22,19.117729
19.0,19,19.159272
21.0,21,19.211436
11.0,11,19.237237
8.0,8,19.254353
8.0,8,19.271904
4.0,4,19.281338
18.0,18,19.319693
11.0,11,19.342611
7.0,7,19.358021
8.0,8,19.375337
15.0,15,19.408004
20.0,20,19.452045
3.0,3,19.459208
35.0,35,19.537749
12.0,12,19.565279
37.0,37,19.650907
5.0,5,19.662827
14.0,14,19.694569
7.0,7,19.711046
15.0,15,19.745038
12.0,12,19.772383
7.0,7,19.788398
11.0,11,19.811891
21.0,21,19.857409
6.0,6,19.870559
14.0,14,19.899802
12.0,12,19.926841
26.0,26,19.981331
10.0,10,20.002468
7.0,7,20.01741
14.0,14,20.045859
9.0,9,20.065932
7.0,7,20.080498
6.0,6,20.092926
8.0,8,20.109609
11.0,11,20.132813
14.0,14,20.162369
15.0,15,20.19391
5.0,5,20.205176
15.0,15,20.235978
15.0,15,20.267072
7.0,7,20.282041
9.0,9,20.301007
6.0,6,20.313122
15.0,15,20.344193
10.0,10,20.364825
5.0,5,20.375604
19.0,19,20.416582
21.0,21,20.461561
19.0,19,20.50057
5.0,5,20.511188
15.0,15,20.541134
4.0,4,20.54994
18.0,18,20.589956
8.0,8,20.60846
9.0,9,20.63038
5.0,5,20.64393
7.0,7,20.661735
26.0,26,20.724737
8.0,8,20.745262
9.0,9,20.764918
4.0,4,20.77405
7.0,7,20.790691
13.0,13,20.819956
32.0,32,20.892241
7.0,7,20.908727
13.0,13,20.938715
6.0,6,20.952644
23.0,23,21.004617
18.0,18,21.044703
35.0,35,21.122248
20.0,20,21.173052
3.0,3,21.181465
15.0,15,21.223081
9.0,9,21.244662
8.0,8,21.261898
9.0,9,21.280344
4.0,4,21.28932
12.0,12,21.315679
9.0,9,21.335134
8.0,8,21.353477
22.0,22,21.40002
11.0,11,21.429304
8.0,8,21.452067
10.0,10,24.696411
21.0,21,24.749445
15.0,15,24.782188
18.0,18,24.821531
24.0,24,24.875193
4.0,4,24.884533
27.0,27,24.943906
32.0,32,25.013603
12.0,12,25.040087
24.0,24,25.09348
7.0,7,25.109623
62.0,62,25.246231
21.0,21,25.293673
20.0,20,25.338324
14.0,14,25.369488
21.0,21,25.414504
15.0,15,25.449705
40.0,40,25.537097
31.0,31,25.605271
35.0,35,25.682467
16.0,16,25.717236
14.0,14,25.748857
5.0,5,25.760767
10.0,10,25.783188
37.0,37,25.863654
14.0,14,25.894913
22.0,22,25.944029
27.0,27,26.003922
41.0,41,26.102565
19.0,19,26.153501
15.0,15,26.195254
26.0,26,26.257075
24.0,24,26.307407
54.0,54,26.422361
5.0,5,26.434154
7.0,7,26.449528
5.0,5,26.460274
11.0,11,26.483729
14.0,14,26.514454
14.0,14,26.545655
12.0,12,26.572304
6.0,6,26.585788
15.0,15,26.618402
9.0,9,26.638584
17.0,17,26.67613
39.0,39,26.75808
39.0,39,26.843576
9.0,9,26.863938
50.0,50,26.970175
6.0,6,26.983831
19.0,19,27.024732
9.0,9,27.043992
5.0,5,27.055417
5.0,5,27.066458
13.0,13,27.09422
4.0,4,27.103302
24.0,24,27.153001
3.0,3,27.159308
12.0,12,27.185465
7.0,7,27.200021
28.0,28,27.257956
6.0,6,27.270755
7.0,7,27.285432
5.0,5,27.296111
6.0,6,27.308713
8.0,8,27.325287
48.0,48,27.425883
19.0,19,27.466012
9.0,9,27.485249
20.0,20,27.531438
22.0,22,27.586076
31.0,31,27.661087
6.0,6,27.674998
15.0,15,27.708496
15.0,15,27.742491
8.0,8,27.76028
9.0,9,27.780565
31.0,31,27.849591
15.0,15,27.881579
5.0,5,27.893187
35.0,35,27.972062
8.0,8,27.993102
11.0,11,28.020324
8.0,8,28.039616
22.0,22,28.088276
9.0,9,28.108407
9.0,9,28.129012
14.0,14,28.161481
6.0,6,28.175758
6.0,6,28.190165
43.0,43,28.283907
7.0,7,28.298933
10.0,10,28.322002
12.0,12,28.343729
6.0,6,28.35482
6.0,6,28.36616
27.0,27,28.415104
25.0,25,28.46096
12.0,12,28.483355
20.0,20,28.518708
17.0,17,28.549195
12.0,12,28.571876
23.0,23,28.636775
8.0,8,28.660808
12.0,12,28.694132
11.0,11,28.723075
31.0,31,28.805414
9.0,9,28.826216
28.0,28,28.888061
10.0,10,28.916676
28.0,28,28.997918
17.0,17,29.03896
4.0,4,29.05041
13.0,13,29.086575
7.0,7,29.1065
8.0,8,29.12529
14.0,14,29.156546
5.0,5,29.168342
49.0,49,32.30367
62.0,62,32.431355
16.0,16,32.464957
10.0,10,32.486317
8.0,8,32.506557
25.0,25,32.572381
53.0,53,32.683198
15.0,15,32.717149
10.0,10,32.739913
16.0,16,32.775527
5.0,5,32.787123
16.0,16,32.822762
32.0,32,32.892554
45.0,45,32.988343
52.0,52,33.094775
13.0,13,33.122524
43.0,43,33.212869
18.0,18,33.256459
16.0,16,33.295392
28.0,28,33.36132
11.0,11,33.387458
19.0,19,33.434271
13.0,13,33.466155
7.0,7,33.484995
32.0,32,33.555324
22.0,22,33.603525
41.0,41,33.691432
23.0,23,33.741973
9.0,9,33.761207
20.0,20,33.804231
8.0,8,33.822598
28.0,28,33.883516
15.0,15,33.91632
13.0,13,33.944967
7.0,7,33.960402
18.0,18,33.997347
17.0,17,34.033252
50.0,50,34.143436
16.0,16,34.184309
48.0,48,34.28995
8.0,8,34.307005
54.0,54,34.420684
17.0,17,34.457133
46.0,46,34.552419
36.0,36,34.629505
9.0,9,34.649229
12.0,12,34.675503
39.0,39,34.758754
26.0,26,34.812797
22.0,22,34.8584
11.0,11,34.882085
29.0,29,34.944551
13.0,13,34.973688
24.0,24,35.02723
10.0,10,35.050326
23.0,23,35.101622
21.0,21,35.146995
19.0,19,35.185245
15.0,15,35.216531
6.0,6,35.22982
65.0,65,35.363467
6.0,6,35.376157
12.0,12,35.400685
7.0,7,35.416366
40.0,40,35.500127
31.0,31,35.575116
42.0,42,35.670571
51.0,51,35.773203
23.0,23,35.819938
10.0,10,35.843605
68.0,68,36.006193
75.0,75,36.180994
25.0,25,36.245935
11.0,11,36.270669
18.0,18,36.310608
15.0,15,36.344574
27.0,27,36.403551
13.0,13,36.434717
45.0,45,36.546821
35.0,35,36.642177
26.0,26,36.711453
43.0,43,36.818565
5.0,5,36.832437
9.0,9,36.857137
40.0,40,39.942825
14.0,14,39.972932
44.0,44,40.065367
50.0,50,40.171364
22.0,22,40.231014
36.0,36,40.305288
89.0,89,40.47013
85.0,85,40.624594
24.0,24,40.670838
62.0,62,40.799436
74.0,74,40.969445
13.0,13,40.99447
12.0,12,41.016801
14.0,14,41.043372
11.0,11,41.063637
62.0,62,41.175915
46.0,46,41.263458
19.0,19,41.298513
56.0,56,41.400851
48.0,48,41.490153
6.0,6,41.502015
42.0,42,41.579308
21.0,21,41.619148
167.0,167,41.922312
44.0,44,42.002982
47.0,47,42.136669
64.0,64,42.287496
31.0,31,42.358798
12.0,12,42.390591
49.0,49,42.51765
21.0,21,42.565448
54.0,54,42.684515
32.0,32,42.756867
64.0,64,42.896864
123.0,123,43.16912
8.0,8,43.186689
40.0,40,43.276556
5.0,5,43.288234
31.0,31,43.356768
67.0,67,43.501355
21.0,21,43.546225
47.0,47,43.643865
178.0,178,44.0522
104.0,104,47.542476
84.0,84,47.762874
65.0,65,47.913325
161.0,161,48.28867
73.0,73,48.456677
193.0,193,48.896141
27.0,27,48.963931
79.0,79,49.138682
20.0,20,49.187218
9.0,9,49.210355
46.0,46,49.326024
58.0,58,49.471424
18.0,18,49.515731
131.0,131,49.808188
20.0,20,49.851272
49.0,49,49.958281
39.0,39,50.040223
120.0,120,50.30766
64.0,64,50.472038
6.0,6,50.485504
45.0,45,50.583744
5.0,5,50.59589
103.0,103,50.810815
73.0,73,50.968254
115.0,115,51.217443
61.0,61,51.350568
126.0,126,51.633817
57.0,57,51.756428
50.0,50,51.867608
74.0,74,52.029105
141.0,141,55.457923
60.0,60,55.579576
221.0,221,56.024772
96.0,96,56.261391
115.0,115,56.528135
58.0,58,56.641236
158.0,158,56.967455
119.0,119,57.305334
54.0,54,57.422983
109.0,109,57.686005
61.0,61,57.816319
41.0,41,57.906968
92.0,92,58.092935
63.0,63,58.237899
68.0,68,58.396532
15.0,15,58.427335
92.0,92,58.637676
74.0,74,58.783444
77.0,77,58.939347
133.0,133,59.230279
144.0,144,59.518462
44.0,44,59.603606
49.0,49,62.636828
18.0,18,62.66906
106.0,106,62.899861
405.0,405,63.929813
102.0,102,64.153292
60.0,60,64.275349
46.0,46,64.370548
69.0,69,64.513465
81.0,81,64.68441
94.0,94,64.885475
66.0,66,65.02234
50.0,50,65.127041
91.0,91,65.316084
70.0,70,65.470625
73.0,73,65.616984
46.0,46,65.70854
56.0,56,65.824383
95.0,95,66.017805
57.0,57,66.13206
61.0,61,66.264633
61.0,61,66.399325
93.0,93,66.603129
187.0,187,67.007724
313.0,313,70.438191
151.0,151,70.710373
109.0,109,70.913134
125.0,125,71.148433
242.0,242,71.593472
106.0,106,71.785017
91.0,91,71.952677
84.0,84,72.102387
137.0,137,72.348611
94.0,94,72.54258
91.0,91,72.751348
94.0,94,72.987288
75.0,75,73.165066
75.0,75,73.342506
97.0,97,73.585656
84.0,84,73.799517
71.0,71,73.974668
97.0,97,77.086342
557.0,557,78.241368
506.0,506,79.25783
79.0,79,79.425136
259.0,259,79.973233
1000.0,1000,85.112109
1000.0,1000,87.145743
207.0,207,87.616538
1000.0,1000,92.700644
1000.0,1000,94.701546
1000.0,1000,99.544096
1000.0,1000,101.572826
1000.0,1000,106.636626
1000.0,1000,108.853898
1000.0,1000,114.313848
1000.0,1000,116.399854
56.0,56,116.500803
1000.0,1000,121.584069
1000.0,1000,123.742249
1000.0,1000,129.608021
1000.0,1000,131.778455
1000.0,1000,137.186185
1000.0,1000,139.362645
1000.0,1000,144.460464
1000.0,1000,146.562221
1000.0,1000,151.918965
1000.0,1000,154.010112
1000.0,1000,159.10096
1000.0,1000,161.290541
1000.0,1000,166.515474
1000.0,1000,168.58785
1000.0,1000,173.933001
1000.0,1000,175.975008
1000.0,1000,181.456083
1000.0,1000,183.620639
1000.0,1000,185.711679
1000.0,1000,191.142855
57.0,57,191.279145
1000.0,1000,193.464333
1000.0,1000,198.806125
1000.0,1000,200.938034
1000.0,1000,206.001791
1000.0,1000,208.15105
1000.0,1000,213.503804
1000.0,1000,215.680615
1000.0,1000,221.381468
1000.0,1000,223.572911
1000.0,1000,229.165915
1000.0,1000,231.391291
1000.0,1000,236.510373
1000.0,1000,238.499085
1000.0,1000,243.585605
49.0,49,243.684871
67.0,67,243.82596
1000.0,1000,245.790907
1000.0,1000,251.447183
1000.0,1000,253.688516
66.0,66,253.825202
1000.0,1000,259.46813
1000.0,1000,261.594228
1000.0,1000,266.682633
1000.0,1000,268.798755
60.0,60,268.924222
31.0,31,268.988949
1000.0,1000,274.534207
1000.0,1000,276.645485
1000.0,1000,282.066024
1000.0,1000,284.005606
1000.0,1000,289.474739
1000.0,1000,291.668941
1000.0,1000,297.090191
1000.0,1000,299.278418
1000.0,1000,304.642913
1000.0,1000,306.957692
1000.0,1000,312.17205
1000.0,1000,314.193313
1000.0,1000,319.189039
1000.0,1000,321.336578
1000.0,1000,326.826857
805.0,805,328.469833
1000.0,1000,333.993809
1000.0,1000,336.00956
1000.0,1000,341.195563
1000.0,1000,343.414185
280.0,280,343.96621
1000.0,1000,349.233187
1000.0,1000,351.34829
1000.0,1000,356.62519
1000.0,1000,358.840684
1000.0,1000,364.336067
1000.0,1000,366.231427
1000.0,1000,371.087904
1000.0,1000,373.338069
1000.0,1000,378.614578
1000.0,1000,380.59443
1000.0,1000,385.97374
1000.0,1000,388.09762
1000.0,1000,393.059028
1000.0,1000,395.332166
1000.0,1000,400.397762
1000.0,1000,402.627907
1000.0,1000,404.793187
716.0,716,409.399998
1000.0,1000,411.49418
1000.0,1000,416.68635
1000.0,1000,418.974551
714.0,714,423.70289
528.0,528,424.746375
441.0,441,425.746403
695.0,695,427.362722
601.0,601,431.883034
586.0,586,433.34226
528.0,528,434.437701
415.0,415,438.311266
495.0,495,439.37629
679.0,679,440.853838
599.0,599,442.181381
1000.0,1000,447.263525
1000.0,1000,449.45176
1000.0,1000,454.57589
1000.0,1000,456.828631
1000.0,1000,462.15722
1000.0,1000,464.260142
1000.0,1000,469.828212
1000.0,1000,471.942133
1000.0,1000,477.394509
1000.0,1000,479.432833
1000.0,1000,484.741647
1000.0,1000,486.84282
832.0,832,491.636499
640.0,640,493.047879
63.0,63,493.168796
83.0,83,493.335751
804.0,804,494.939547
1000.0,1000,500.02654
1000.0,1000,502.289232
1000.0,1000,507.275275
1000.0,1000,509.459064
1000.0,1000,514.836515
1000.0,1000,516.903503
1000.0,1000,522.08576
1000.0,1000,524.336669
1000.0,1000,529.746789
735.0,735,531.364038
1000.0,1000,536.8055
1000.0,1000,538.95868
1000.0,1000,544.618014
1000.0,1000,546.796365
1000.0,1000,551.859743
1000.0,1000,553.955298
1000.0,1000,559.008839
1000.0,1000,561.309677
1000.0,1000,566.701443
1000.0,1000,569.067551
1000.0,1000,574.269292
1000.0,1000,576.593295
1000.0,1000,581.698714
1000.0,1000,583.787486
1000.0,1000,589.220573
445.0,445,590.158152
672.0,672,591.66534
69.0,69,591.819395
1000.0,1000,596.973635
1000.0,1000,599.185304
1000.0,1000,604.660173
1000.0,1000,606.952607
1000.0,1000,611.930336
1000.0,1000,614.294616
1000.0,1000,616.218379
515.0,515,620.297529
447.0,447,621.27511
340.0,340,621.993723
920.0,920,626.678503
325.0,325,627.343091
573.0,573,628.585652
505.0,505,629.670402
540.0,540,633.862461
646.0,646,635.184898
424.0,424,635.967034
403.0,403,636.763239
420.0,420,637.622541
624.0,624,642.227344
733.0,733,643.840622
793.0,793,648.844256
1000.0,1000,651.047001
1000.0,1000,653.209823
1000.0,1000,658.878105
1000.0,1000,661.16752
1000.0,1000,666.785821
1000.0,1000,668.999643
1000.0,1000,674.410352
470.0,470,675.490399
1000.0,1000,680.594557
1000.0,1000,682.961261
1000.0,1000,688.15976
1000.0,1000,690.50201
1000.0,1000,695.964194
1000.0,1000,698.34848
320.0,320,699.062738
1000.0,1000,704.380083
1000.0,1000,706.702877
1000.0,1000,711.981583
1000.0,1000,714.333274
1000.0,1000,719.199222
1000.0,1000,721.414568
1000.0,1000,726.739822
1000.0,1000,728.984048
1000.0,1000,734.291048
1000.0,1000,736.708412
1000.0,1000,742.114904
1000.0,1000,744.505921
1000.0,1000,749.572836
1000.0,1000,751.606689
53.0,53,751.722139
1000.0,1000,756.942875
1000.0,1000,759.16138
1000.0,1000,763.907701
1000.0,1000,766.062693
1000.0,1000,770.884207
1000.0,1000,773.105036
1000.0,1000,778.219219
1000.0,1000,780.362613
1000.0,1000,782.507553
1000.0,1000,787.888496
1000.0,1000,789.95468
1000.0,1000,795.014733
1000.0,1000,797.342112
1000.0,1000,802.554184
1000.0,1000,804.634834
1000.0,1000,810.005033
1000.0,1000,812.16825
1000.0,1000,817.557403
1000.0,1000,819.750167
1000.0,1000,824.983988
1000.0,1000,827.308289
1000.0,1000,832.920947
1000.0,1000,835.268133
1000.0,1000,840.04439
1000.0,1000,842.231371
1000.0,1000,847.71828
1000.0,1000,850.031764
1000.0,1000,855.130047
1000.0,1000,857.544872
1000.0,1000,863.112772
1000.0,1000,865.372547
1000.0,1000,870.784971
1000.0,1000,872.924191
1000.0,1000,878.606063
1000.0,1000,880.770773
1000.0,1000,886.148421
1000.0,1000,888.272354
1000.0,1000,893.495947
1000.0,1000,895.795498
1000.0,1000,901.392202
1000.0,1000,903.627207
1000.0,1000,908.900298
1000.0,1000,911.100208
1000.0,1000,915.918441
1000.0,1000,918.114576
1000.0,1000,923.288625
1000.0,1000,925.480466
1000.0,1000,930.4695
1000.0,1000,932.593965
1000.0,1000,937.477374
1000.0,1000,939.748602
1000.0,1000,941.694507
1000.0,1000,946.541353
1000.0,1000,948.851147
1000.0,1000,954.651566
1000.0,1000,957.017153
1000.0,1000,962.35611
1000.0,1000,964.536052
1000.0,1000,969.68151
1000.0,1000,971.77649
1000.0,1000,976.780043
1000.0,1000,979.128904
1000.0,1000,984.357654
1000.0,1000,986.632746
1000.0,1000,991.505844
1000.0,1000,993.784111
1000.0,1000,998.774085
1000.0,1000,1000.914574
1000.0,1000,1006.230045
843.0,843,1007.995605
1000.0,1000,1012.971097
1000.0,1000,1015.106889
1000.0,1000,1020.581545
1000.0,1000,1022.752907
1000.0,1000,1027.91672
1000.0,1000,1030.165168
1000.0,1000,1035.365699
1000.0,1000,1037.66187
1000.0,1000,1042.733899
1000.0,1000,1044.911359
1000.0,1000,1050.190635
1000.0,1000,1052.373682
1000.0,1000,1057.779877
1000.0,1000,1060.017805
1000.0,1000,1065.29964
1000.0,1000,1067.418749
1000.0,1000,1072.759789
1000.0,1000,1074.985833
1000.0,1000,1077.213724
1000.0,1000,1082.651478
1000.0,1000,1084.89923
1000.0,1000,1090.299209
1000.0,1000,1092.686959
1000.0,1000,1098.030758
1000.0,1000,1100.393251
1000.0,1000,1105.552137
1000.0,1000,1107.793861
1000.0,1000,1113.009602
1000.0,1000,1115.442145
1000.0,1000,1120.745038
1000.0,1000,1122.96731
1000.0,1000,1128.248745
1000.0,1000,1130.400402
1000.0,1000,1135.910858
1000.0,1000,1138.187751
1000.0,1000,1143.552587
1000.0,1000,1145.670582
1000.0,1000,1150.722005
1000.0,1000,1152.991534
1000.0,1000,1158.180357
1000.0,1000,1160.302219
1000.0,1000,1165.176906
1000.0,1000,1167.331163
1000.0,1000,1172.277172
1000.0,1000,1174.281172
1000.0,1000,1179.782765
1000.0,1000,1181.88208
1000.0,1000,1187.159692
1000.0,1000,1189.348729
1000.0,1000,1194.733993
1000.0,1000,1196.90928
1000.0,1000,1201.92589
1000.0,1000,1204.236341
1000.0,1000,1209.542532
1000.0,1000,1211.768636
1000.0,1000,1217.169394
1000.0,1000,1219.384869
1000.0,1000,1224.656249
1000.0,1000,1226.857472
1000.0,1000,1231.983591
1000.0,1000,1234.155147
1000.0,1000,1236.307549
1000.0,1000,1241.540656
1000.0,1000,1243.87238
1000.0,1000,1249.335041
1000.0,1000,1251.473887
1000.0,1000,1257.087438
1000.0,1000,1259.021975
1000.0,1000,1264.497814
1000.0,1000,1266.907996
1000.0,1000,1272.142611
1000.0,1000,1274.309722
1000.0,1000,1279.742319
1000.0,1000,1281.814186
1000.0,1000,1287.176564
1000.0,1000,1289.501153
1000.0,1000,1294.742553
1000.0,1000,1296.770906
1000.0,1000,1302.269056
1000.0,1000,1304.524737
1000.0,1000,1309.576461
1000.0,1000,1311.775314
1000.0,1000,1317.466686
1000.0,1000,1319.521366
1000.0,1000,1325.082544
1000.0,1000,1327.181259
1000.0,1000,1332.707461
1000.0,1000,1334.800848
1000.0,1000,1340.466855
1000.0,1000,1342.780057
1000.0,1000,1348.162058
1000.0,1000,1350.384342
1000.0,1000,1355.58648
1000.0,1000,1357.65819
1000.0,1000,1362.6546
1000.0,1000,1364.985183
1000.0,1000,1370.418077
1000.0,1000,1372.551346
1000.0,1000,1377.989292
1000.0,1000,1380.165512
1000.0,1000,1385.574286
1000.0,1000,1387.81088
1000.0,1000,1389.813195
1000.0,1000,1394.91431
1000.0,1000,1396.919059
1000.0,1000,1402.273395
1000.0,1000,1404.372267
1000.0,1000,1410.027439
1000.0,1000,1412.103739
1000.0,1000,1417.238328
1000.0,1000,1419.321441
1000.0,1000,1424.383767
1000.0,1000,1426.420598
1000.0,1000,1431.973655
1000.0,1000,1434.032368
1000.0,1000,1439.658755
1000.0,1000,1441.585518
1000.0,1000,1447.017068
1000.0,1000,1449.13243
1000.0,1000,1454.737523
1000.0,1000,1456.850852
1000.0,1000,1465.297422
1000.0,1000,1467.626406
1000.0,1000,1473.045576
1000.0,1000,1475.295253
1000.0,1000,1480.755121
1000.0,1000,1482.939836
1000.0,1000,1488.146148
1000.0,1000,1490.258377
1000.0,1000,1495.333237
1000.0,1000,1497.472101
1000.0,1000,1502.805365
1000.0,1000,1504.95781
1000.0,1000,1510.193607
1000.0,1000,1512.258832
1000.0,1000,1517.43574
1000.0,1000,1519.67106
1000.0,1000,1525.063823
1000.0,1000,1527.345363
1000.0,1000,1532.696504
544.0,544,1533.838172
1000.0,1000,1535.880915
1000.0,1000,1541.114699
1000.0,1000,1543.326771
1000.0,1000,1548.993827
1000.0,1000,1550.880303
1000.0,1000,1556.413182
1000.0,1000,1558.770375
1000.0,1000,1564.541589
1000.0,1000,1566.851374
1000.0,1000,1572.402313
1000.0,1000,1574.582733
1000.0,1000,1579.998157
1000.0,1000,1582.055284
1000.0,1000,1587.875894
1000.0,1000,1589.90158
1000.0,1000,1595.287099
1000.0,1000,1597.446765
1000.0,1000,1603.067176
1000.0,1000,1605.231199
1000.0,1000,1610.861011
1000.0,1000,1613.048736
1000.0,1000,1618.606001
1000.0,1000,1620.676303
1000.0,1000,1626.3307
1000.0,1000,1628.518943
1000.0,1000,1633.875851
1000.0,1000,1635.957104
1000.0,1000,1641.035158
1000.0,1000,1643.077938
1000.0,1000,1645.092529
1000.0,1000,1650.707801
1000.0,1000,1653.122505
1000.0,1000,1658.54608
1000.0,1000,1660.533743
1000.0,1000,1665.98457
1000.0,1000,1668.244041
1000.0,1000,1673.71434
1000.0,1000,1675.841114
1000.0,1000,1681.469534
1000.0,1000,1683.525104
850.0,850,1688.420354
1000.0,1000,1690.497829
1000.0,1000,1695.558433
1000.0,1000,1697.614534
1000.0,1000,1702.633402
445.0,445,1703.601952
1000.0,1000,1705.736752
1000.0,1000,1711.128686
1000.0,1000,1713.201552
1000.0,1000,1718.394755
1000.0,1000,1720.559726
1000.0,1000,1725.755301
1000.0,1000,1728.004104
1000.0,1000,1733.147729
1000.0,1000,1735.236398
1000.0,1000,1740.36486
1000.0,1000,1742.664922
1000.0,1000,1747.635309
1000.0,1000,1749.814317
1000.0,1000,1755.399856
1000.0,1000,1757.440316
1000.0,1000,1763.156344
1000.0,1000,1765.482291
1000.0,1000,1770.78507
1000.0,1000,1772.896113
1000.0,1000,1778.045584
1000.0,1000,1780.214391
1000.0,1000,1785.63275
1000.0,1000,1788.014317
1000.0,1000,1793.428469
1000.0,1000,1795.562013
1000.0,1000,1800.857005
1000.0,1000,1803.242872
1000.0,1000,1808.725287
1000.0,1000,1811.1256
1000.0,1000,1816.190601
1000.0,1000,1818.293344
1000.0,1000,1823.425041
1000.0,1000,1825.549052
1000.0,1000,1831.172214
1000.0,1000,1833.348403
1000.0,1000,1838.688706
1000.0,1000,1840.879144
231.0,231,1841.402441
682.0,682,1842.972891
1000.0,1000,1848.382103
1000.0,1000,1850.439553
1000.0,1000,1855.430073
1000.0,1000,1857.421361
1000.0,1000,1862.810033
1000.0,1000,1865.016548
1000.0,1000,1870.74281
1000.0,1000,1872.86126
1000.0,1000,1878.387978
1000.0,1000,1880.520287
1000.0,1000,1885.933111
1000.0,1000,1888.082138
1000.0,1000,1893.801536
1000.0,1000,1895.841361
1000.0,1000,1900.825945
1000.0,1000,1903.160593
1000.0,1000,1908.860768
1000.0,1000,1911.090123
840.0,840,1916.32535
426.0,426,1917.205362
261.0,261,1917.731355
132.0,132,1918.003588
1000.0,1000,1923.078825
1000.0,1000,1925.422281
1000.0,1000,1930.88572
1000.0,1000,1933.017277
493.0,493,1934.058807
1000.0,1000,1939.860482
1000.0,1000,1942.1352
1000.0,1000,1947.466976
1000.0,1000,1949.597698
1000.0,1000,1955.044244
1000.0,1000,1957.155695
1000.0,1000,1962.357875
1000.0,1000,1964.435121
1000.0,1000,1969.845144
1000.0,1000,1972.085739
1000.0,1000,1977.246958
1000.0,1000,1979.444948
1000.0,1000,1984.835468
1000.0,1000,1986.942385
1000.0,1000,1992.102689
1000.0,1000,1994.346002
1000.0,1000,1999.758192
1000.0,1000,2001.936104
1000.0,1000,2007.371645
1000.0,1000,2009.500378
1000.0,1000,2014.776131
1000.0,1000,2016.763005
1000.0,1000,2018.930518
1000.0,1000,2024.458826
1000.0,1000,2026.747036
1000.0,1000,2032.162452
1000.0,1000,2034.24344
1000.0,1000,2039.38919
1000.0,1000,2041.515466
1000.0,1000,2046.580183
1000.0,1000,2048.679307
1000.0,1000,2054.072123
1000.0,1000,2056.190616
1000.0,1000,2061.577713
1000.0,1000,2063.677844
1000.0,1000,2069.377606
1000.0,1000,2071.430371
1000.0,1000,2076.526337
1000.0,1000,2078.580792
1000.0,1000,2084.321386
1000.0,1000,2086.661051
1000.0,1000,2092.096252
1000.0,1000,2094.058834
1000.0,1000,2099.736
1000.0,1000,2102.046904
1000.0,1000,2107.514701
1000.0,1000,2109.662997
1000.0,1000,2115.392723
1000.0,1000,2117.37897
1000.0,1000,2123.025862
1000.0,1000,2125.380819
1000.0,1000,2130.889243
1000.0,1000,2133.020586
1000.0,1000,2138.709762
1000.0,1000,2140.844686
1000.0,1000,2146.49158
1000.0,1000,2148.630741
1000.0,1000,2154.021752
1000.0,1000,2156.212914
1000.0,1000,2161.802432
1000.0,1000,2163.82055
1000.0,1000,2169.32126
1000.0,1000,2171.41105
1000.0,1000,2176.867538
1000.0,1000,2178.968303
1000.0,1000,2181.130168
1000.0,1000,2186.428704
1000.0,1000,2188.490179
1000.0,1000,2193.891766
1000.0,1000,2196.031464
1000.0,1000,2201.214127
1000.0,1000,2203.367267
1000.0,1000,2209.076516
1000.0,1000,2211.25279
1000.0,1000,2216.820241
1000.0,1000,2219.044462
1000.0,1000,2224.41194
1000.0,1000,2226.496432
1000.0,1000,2231.906279
1000.0,1000,2234.153314
1000.0,1000,2239.78977
1000.0,1000,2241.934892
1000.0,1000,2246.917217
1000.0,1000,2249.177464
1000.0,1000,2254.214098
1000.0,1000,2256.350874
1000.0,1000,2261.814817
1000.0,1000,2263.866083
1000.0,1000,2269.630768
1000.0,1000,2271.896448
1000.0,1000,2277.313044
1000.0,1000,2279.552847
1000.0,1000,2285.09947
1000.0,1000,2287.20519
1000.0,1000,2292.60952
1000.0,1000,2294.802816
1000.0,1000,2300.559598
1000.0,1000,2302.849273
1000.0,1000,2308.251798
1000.0,1000,2310.554478
1000.0,1000,2316.077072
1000.0,1000,2318.272973
1000.0,1000,2323.727463
1000.0,1000,2325.830842
1000.0,1000,2331.022314
1000.0,1000,2333.112317
1000.0,1000,2335.191312
1000.0,1000,2340.670251
1000.0,1000,2342.911335
1000.0,1000,2348.225048
1000.0,1000,2350.420467
552.0,552,2354.86862
1000.0,1000,2357.020192
1000.0,1000,2362.549962
329.0,329,2363.224224
1000.0,1000,2365.419434
1000.0,1000,2370.723765
1000.0,1000,2372.857994
1000.0,1000,2378.540815
1000.0,1000,2380.76395
1000.0,1000,2386.341409
1000.0,1000,2388.41749
1000.0,1000,2394.032211
1000.0,1000,2396.207382
1000.0,1000,2401.700807
1000.0,1000,2403.935646
1000.0,1000,2409.38032
1000.0,1000,2411.684561
1000.0,1000,2417.334315
148.0,148,2417.6302
679.0,679,2419.125747
686.0,686,2420.732173
330.0,330,2424.835747
529.0,529,2425.992726
1000.0,1000,2428.232243
114.0,114,2428.469852
1000.0,1000,2433.891427
1000.0,1000,2436.093893
1000.0,1000,2441.857777
1000.0,1000,2444.087094
1000.0,1000,2449.748225
1000.0,1000,2451.990126
1000.0,1000,2457.112722
1000.0,1000,2459.40117
1000.0,1000,2464.879973
1000.0,1000,2467.05379
1000.0,1000,2472.257182
1000.0,1000,2474.492838
1000.0,1000,2480.203494
1000.0,1000,2482.361541
1000.0,1000,2488.003819
1000.0,1000,2490.28874
1000.0,1000,2495.527837
1000.0,1000,2497.588294
1000.0,1000,2502.947115
1000.0,1000,2505.179756
1000.0,1000,2511.09073
1000.0,1000,2513.280526
1000.0,1000,2518.72726
1000.0,1000,2520.800407
1000.0,1000,2526.127125
1000.0,1000,2528.265935
1000.0,1000,2533.761528
1000.0,1000,2536.140095
1000.0,1000,2541.643971
1000.0,1000,2543.860096
1000.0,1000,2549.224355
372.0,372,2549.97144
1000.0,1000,2552.211526
1000.0,1000,2557.865957
1000.0,1000,2560.113118
824.0,824,2565.328305
375.0,375,2566.165388
1000.0,1000,2568.48296
1000.0,1000,2574.537017
1000.0,1000,2576.509466
537.0,537,2577.682053
1000.0,1000,2583.189793
1000.0,1000,2585.173119
1000.0,1000,2590.416311
1000.0,1000,2592.388741
1000.0,1000,2597.738464
1000.0,1000,2599.647162
1000.0,1000,2605.288413
1000.0,1000,2607.461321
1000.0,1000,2613.139688
1000.0,1000,2615.386549
391.0,391,2619.761636
1000.0,1000,2621.98702
403.0,403,2622.803473
1000.0,1000,2628.32496
1000.0,1000,2630.555396
1000.0,1000,2636.070476
1000.0,1000,2638.169141
1000.0,1000,2643.610252
1000.0,1000,2645.722428
1000.0,1000,2651.076696
1000.0,1000,2653.289401
491.0,491,2654.404141
1000.0,1000,2659.700697
1000.0,1000,2661.888417
1000.0,1000,2667.65451
1000.0,1000,2670.016889
1000.0,1000,2675.272757
1000.0,1000,2677.367428
1000.0,1000,2682.810134
1000.0,1000,2685.000126
1000.0,1000,2690.621838
1000.0,1000,2692.891858
1000.0,1000,2698.600926
1000.0,1000,2700.816599
1000.0,1000,2706.288404
1000.0,1000,2708.60135
1000.0,1000,2714.071942
1000.0,1000,2716.159137
1000.0,1000,2721.568063
1000.0,1000,2723.724421
1000.0,1000,2729.350166
1000.0,1000,2731.446038
1000.0,1000,2736.99814
1000.0,1000,2739.202806
1000.0,1000,2744.924779
1000.0,1000,2747.045772
1000.0,1000,2752.479131
1000.0,1000,2754.535609
1000.0,1000,2760.079865
1000.0,1000,2762.229878
1000.0,1000,2768.013595
1000.0,1000,2770.121843
1000.0,1000,2775.760008
1000.0,1000,2777.798777
1000.0,1000,2783.257788
1000.0,1000,2785.292326
1000.0,1000,2787.573247
1000.0,1000,2793.029278
1000.0,1000,2795.159735
1000.0,1000,2800.167951
1000.0,1000,2802.337239
1000.0,1000,2807.70199
1000.0,1000,2810.064137
1000.0,1000,2815.470408
1000.0,1000,2817.646819
1000.0,1000,2823.106991
1000.0,1000,2825.211574
1000.0,1000,2830.808249
1000.0,1000,2833.048504
1000.0,1000,2838.868154
1000.0,1000,2841.14574
1000.0,1000,2846.85043
1000.0,1000,2848.994341
1000.0,1000,2854.831286
1000.0,1000,2856.871943
1000.0,1000,2862.400844
1000.0,1000,2864.505821
1000.0,1000,2869.896463
1000.0,1000,2871.965578
1000.0,1000,2877.701439
1000.0,1000,2879.796861
1000.0,1000,2885.413507
1000.0,1000,2887.456204
1000.0,1000,2893.412107
1000.0,1000,2895.743646
1000.0,1000,2901.516663
1000.0,1000,2903.651257
1000.0,1000,2909.32012
1000.0,1000,2911.405115
1000.0,1000,2916.760406
1000.0,1000,2918.917887
1000.0,1000,2924.349754
1000.0,1000,2926.54248
1000.0,1000,2932.627604
1000.0,1000,2934.768867
1000.0,1000,2940.210079
1000.0,1000,2942.316039
1000.0,1000,2947.756125
1000.0,1000,2950.03294
1000.0,1000,2952.25223
1000.0,1000,2957.864244
1000.0,1000,2959.917074
427.0,427,2964.463853
1000.0,1000,2966.517377
1000.0,1000,2971.725824
1000.0,1000,2973.898571
442.0,442,2974.913727
1000.0,1000,2980.372984
1000.0,1000,2982.406889
1000.0,1000,2987.811514
325.0,325,2988.528457
422.0,422,2989.360384
331.0,331,2990.117923
1000.0,1000,2995.784187
1000.0,1000,2998.038036
1000.0,1000,3003.772465
1000.0,1000,3005.928731
1000.0,1000,3011.574391
1000.0,1000,3013.701935
1000.0,1000,3019.600836
1000.0,1000,3021.778987
1000.0,1000,3026.905577
1000.0,1000,3029.029834
1000.0,1000,3034.559275
1000.0,1000,3036.650954
1000.0,1000,3042.45105
417.0,417,3043.364475
577.0,577,3044.575841
557.0,557,3045.833325
1000.0,1000,3051.317867
450.0,450,3052.330517
1000.0,1000,3058.104652
1000.0,1000,3060.172438
1000.0,1000,3065.405554
1000.0,1000,3067.412741
1000.0,1000,3072.995649
1000.0,1000,3075.075547
1000.0,1000,3080.582495
1000.0,1000,3082.724081
1000.0,1000,3088.399404
1000.0,1000,3090.675424
1000.0,1000,3096.466171
1000.0,1000,3098.970313
1000.0,1000,3101.179184
1000.0,1000,3106.374
1000.0,1000,3108.644446
1000.0,1000,3114.547646
1000.0,1000,3116.652866
1000.0,1000,3122.217604
1000.0,1000,3124.467959
1000.0,1000,3129.848888
1000.0,1000,3131.881201
1000.0,1000,3137.81021
1000.0,1000,3140.138764
1000.0,1000,3145.606873
1000.0,1000,3147.837724
1000.0,1000,3153.385521
1000.0,1000,3155.559581
1000.0,1000,3160.920206
1000.0,1000,3162.97224
1000.0,1000,3168.689692
1000.0,1000,3170.828347
1000.0,1000,3176.436594
1000.0,1000,3178.669251
1000.0,1000,3184.352135
1000.0,1000,3186.352937
728.0,728,3191.093893
238.0,238,3191.589907
629.0,629,3192.863481
678.0,678,3194.188106
1000.0,1000,3199.278245
1000.0,1000,3201.340238
1000.0,1000,3206.998827
1000.0,1000,3209.064042
527.0,527,3213.79681
1000.0,1000,3215.96078
553.0,553,3217.139004
277.0,277,3217.682331
1000.0,1000,3223.302877
1000.0,1000,3225.381483
511.0,511,3229.751968
1000.0,1000,3231.939785
1000.0,1000,3237.753311
1000.0,1000,3239.846231
1000.0,1000,3245.009135
1000.0,1000,3247.160772
1000.0,1000,3252.721822
1000.0,1000,3255.033033
441.0,441,3255.970704
1000.0,1000,3261.78228
1000.0,1000,3264.02664
1000.0,1000,3269.984864
1000.0,1000,3272.00635
1000.0,1000,3277.264313
215.0,215,3277.755849
980.0,980,3279.694038
1000.0,1000,3285.069956
1000.0,1000,3287.286166
1000.0,1000,3292.802102
1000.0,1000,3295.036256
1000.0,1000,3300.701293
1000.0,1000,3302.983133
1000.0,1000,3308.584149
1000.0,1000,3310.761371
1000.0,1000,3316.098518
1000.0,1000,3318.393464
1000.0,1000,3324.005717
1000.0,1000,3326.2715
1000.0,1000,3331.817395
1000.0,1000,3334.021657
1000.0,1000,3339.200509
1000.0,1000,3341.428746
1000.0,1000,3346.941956
1000.0,1000,3349.199011
1000.0,1000,3354.548692
1000.0,1000,3356.680917
1000.0,1000,3362.482686
1000.0,1000,3364.669115
1000.0,1000,3370.189031
1000.0,1000,3372.247448
1000.0,1000,3377.934681
1000.0,1000,3380.126503
1000.0,1000,3385.671451
1000.0,1000,3387.849073
1000.0,1000,3389.935674
1000.0,1000,3395.661045
1000.0,1000,3397.822848
1000.0,1000,3403.410669
1000.0,1000,3405.611459
1000.0,1000,3411.359471
1000.0,1000,3413.546449
1000.0,1000,3419.164585
1000.0,1000,3421.445369
1000.0,1000,3426.755106
1000.0,1000,3428.909014
1000.0,1000,3434.491898
1000.0,1000,3436.566301
1000.0,1000,3441.903658
1000.0,1000,3443.839287
1000.0,1000,3448.931428
1000.0,1000,3450.919307
862.0,862,3456.096192
1000.0,1000,3458.379506
1000.0,1000,3463.989438
104.0,104,3464.218112
1000.0,1000,3466.530715
1000.0,1000,3471.999451
1000.0,1000,3474.130629
1000.0,1000,3479.703526
1000.0,1000,3481.980689
1000.0,1000,3487.367423
1000.0,1000,3489.601449
1000.0,1000,3495.383278
1000.0,1000,3497.478521
1000.0,1000,3503.228466
713.0,713,3504.797625
614.0,614,3506.133304
1000.0,1000,3511.760418
1000.0,1000,3513.747055
71.0,71,3513.908494
1000.0,1000,3519.407166
1000.0,1000,3521.651331
1000.0,1000,3527.317138
1000.0,1000,3529.514563
1000.0,1000,3535.128156
1000.0,1000,3537.336335
1000.0,1000,3542.968554
345.0,345,3543.607526
311.0,311,3544.249349
1000.0,1000,3550.1058
1000.0,1000,3552.285644
1000.0,1000,3558.11341
1000.0,1000,3560.230889
295.0,295,3560.926955
1000.0,1000,3566.645534
1000.0,1000,3568.824472
1000.0,1000,3574.480801
1000.0,1000,3576.754328
1000.0,1000,3582.556996
1000.0,1000,3584.788732
1000.0,1000,3590.681237
1000.0,1000,3592.894015
1000.0,1000,3598.677411
1000.0,1000,3600.960729
469.0,469,3602.038681
1000.0,1000,3607.573161
1000.0,1000,3609.760525
1000.0,1000,3615.332005
1000.0,1000,3617.469907
1000.0,1000,3623.01031
1000.0,1000,3625.04188
1000.0,1000,3630.499516
1000.0,1000,3632.662047
1000.0,1000,3638.256132
1000.0,1000,3640.380897
1000.0,1000,3646.097276
1000.0,1000,3648.391991
1000.0,1000,3654.100528
1000.0,1000,3656.376743
1000.0,1000,3661.922771
1000.0,1000,3664.029101
1000.0,1000,3669.799192
1000.0,1000,3672.136693
1000.0,1000,3677.677045
1000.0,1000,3679.899
1000.0,1000,3685.585655
1000.0,1000,3687.691401
1000.0,1000,3689.804572
1000.0,1000,3695.119591
1000.0,1000,3697.289101
1000.0,1000,3702.33406
1000.0,1000,3704.550301
1000.0,1000,3709.906839
1000.0,1000,3712.165289
1000.0,1000,3717.884039
1000.0,1000,3720.082309
1000.0,1000,3725.39924
1000.0,1000,3727.696389
1000.0,1000,3733.535179
1000.0,1000,3735.667228
777.0,777,3740.659486
85.0,85,3740.843395
237.0,237,3741.34669
179.0,179,3741.754554
380.0,380,3742.614762
490.0,490,3743.698243
1000.0,1000,3749.416473
1000.0,1000,3751.586917
1000.0,1000,3757.244609
1000.0,1000,3759.657057
1000.0,1000,3765.05774
1000.0,1000,3767.057772
1000.0,1000,3772.682208
1000.0,1000,3774.847401
1000.0,1000,3780.23467
1000.0,1000,3782.331208
1000.0,1000,3787.809715
1000.0,1000,3790.142996
1000.0,1000,3795.471938
1000.0,1000,3797.658319
1000.0,1000,3803.369917
1000.0,1000,3805.42797
1000.0,1000,3811.105665
1000.0,1000,3813.489099
1000.0,1000,3819.116525
1000.0,1000,3821.256585
1000.0,1000,3827.180582
1000.0,1000,3829.415715
1000.0,1000,3835.435959
1000.0,1000,3837.533016
1000.0,1000,3843.08494
1000.0,1000,3845.408685
1000.0,1000,3851.037055
1000.0,1000,3853.152661
1000.0,1000,3858.584466
1000.0,1000,3860.706186
1000.0,1000,3866.22853
1000.0,1000,3868.354213
1000.0,1000,3874.12024
1000.0,1000,3876.474804
1000.0,1000,3878.674171
1000.0,1000,3883.960206
1000.0,1000,3886.152231
1000.0,1000,3892.066279
1000.0,1000,3894.161589
1000.0,1000,3899.895772
1000.0,1000,3901.969231
1000.0,1000,3907.73248
1000.0,1000,3909.970399
1000.0,1000,3915.577378
16.0,16,3915.614328
1000.0,1000,3917.708754
1000.0,1000,3923.672482
1000.0,1000,3926.064062
1000.0,1000,3931.648431
1000.0,1000,3933.821003
1000.0,1000,3939.530757
1000.0,1000,3941.75877
1000.0,1000,3947.76796
8.0,8,3947.788442
1000.0,1000,3949.992109
253.0,253,3950.491377
1000.0,1000,3956.129741
1000.0,1000,3957.965255
5.0,5,3957.975061
1000.0,1000,3963.859184
1000.0,1000,3966.097157
1000.0,1000,3971.62128
1000.0,1000,3974.125772
1000.0,1000,3979.753928
1000.0,1000,3981.779816
1000.0,1000,3987.39119
1000.0,1000,3989.591073
1000.0,1000,3995.793437
1000.0,1000,3998.107034
1000.0,1000,4003.646984
1000.0,1000,4005.628145
1000.0,1000,4011.367487
1000.0,1000,4013.448841
1000.0,1000,4019.025317
1000.0,1000,4021.206071
1000.0,1000,4026.607154
1000.0,1000,4028.785047
1000.0,1000,4034.378917
1000.0,1000,4036.461096
1000.0,1000,4042.049106
1000.0,1000,4044.120656
1000.0,1000,4049.792037
1000.0,1000,4051.903008
1000.0,1000,4057.508352
1000.0,1000,4059.661666
1000.0,1000,4065.098202
1000.0,1000,4067.469626
1000.0,1000,4073.16415
1000.0,1000,4075.327219
1000.0,1000,4080.792494
1000.0,1000,4082.906013
1000.0,1000,4084.966761
1000.0,1000,4090.530916
1000.0,1000,4092.686966
1000.0,1000,4098.27303
1000.0,1000,4100.476673
1000.0,1000,4105.927677
1000.0,1000,4107.976101
1000.0,1000,4113.800501
1000.0,1000,4116.171264
1000.0,1000,4121.38083
1000.0,1000,4123.436289
1000.0,1000,4128.761863
1000.0,1000,4130.844285
1000.0,1000,4136.488396
1000.0,1000,4138.620878
1000.0,1000,4144.409744
1000.0,1000,4146.716442
1000.0,1000,4152.276839
1000.0,1000,4154.281227
1000.0,1000,4159.807711
1000.0,1000,4161.765392
1000.0,1000,4167.554991
1000.0,1000,4169.717217
1000.0,1000,4175.26879
1000.0,1000,4177.327869
1000.0,1000,4182.915858
1000.0,1000,4185.070918
1000.0,1000,4190.822133
1000.0,1000,4193.000581
1000.0,1000,4198.605046
520.0,520,4199.815632
829.0,829,4201.48619
1000.0,1000,4207.044658
1000.0,1000,4209.295986
1000.0,1000,4215.231214
204.0,204,4215.730737
1000.0,1000,4217.880347
1000.0,1000,4223.618887
1000.0,1000,4225.955838
1000.0,1000,4231.482687
1000.0,1000,4233.507532
1000.0,1000,4238.74387
1000.0,1000,4240.944328
1000.0,1000,4246.395885
867.0,867,4248.1645
747.0,747,4252.999789
325.0,325,4253.726413
505.0,505,4254.769678
556.0,556,4255.956262
287.0,287,4256.583379
577.0,577,4261.191309
1000.0,1000,4263.44095
1000.0,1000,4268.653139
1000.0,1000,4270.741378
1000.0,1000,4276.522406
1000.0,1000,4278.857512
1000.0,1000,4284.622258
1000.0,1000,4286.896307
1000.0,1000,4292.674952
1000.0,1000,4294.872798
1000.0,1000,4300.231676
1000.0,1000,4302.350201
1000.0,1000,4308.254514
1000.0,1000,4310.307031
236.0,236,4310.805872
1000.0,1000,4316.509309
1000.0,1000,4318.571569
1000.0,1000,4323.885504
1000.0,1000,4326.236531
1000.0,1000,4331.786978
146.0,146,4332.124249
1000.0,1000,4334.228571
1000.0,1000,4339.669401
1000.0,1000,4341.861496
1000.0,1000,4347.525017
1000.0,1000,4349.746963
120.0,120,4350.011331
413.0,413,4350.89371
246.0,246,4351.482176
908.0,908,4357.141971
1000.0,1000,4359.159029
1000.0,1000,4364.473577
1000.0,1000,4366.557696
1000.0,1000,4372.441839
107.0,107,4372.672641
1000.0,1000,4374.906634
1000.0,1000,4380.217974
1000.0,1000,4382.441552
1000.0,1000,4388.264472
1000.0,1000,4390.35632
1000.0,1000,4395.729645
1000.0,1000,4397.803392
1000.0,1000,4403.959728
1000.0,1000,4406.104492
798.0,798,4411.642579
8.0,8,4411.661351
1000.0,1000,4413.883409
1000.0,1000,4419.388743
1000.0,1000,4421.37022
1000.0,1000,4427.114419
1000.0,1000,4429.274576
1000.0,1000,4435.075003
113.0,113,4435.315559
1000.0,1000,4437.443178
1000.0,1000,4443.008477
1000.0,1000,4445.031712
1000.0,1000,4450.749594
64.0,64,4450.892379
1000.0,1000,4453.18172
1000.0,1000,4458.603891
1000.0,1000,4460.860359
1000.0,1000,4466.50245
1000.0,1000,4468.584171
961.0,961,4473.764714
154.0,154,4474.063567
177.0,177,4474.507098
58.0,58,4474.663927
220.0,220,4475.127328
13.0,13,4475.165407
387.0,387,4476.021785
135.0,135,4476.305778
52.0,52,4476.422721
432.0,432,4477.359428
27.0,27,4477.42572
23.0,23,4477.482204
183.0,183,4477.923103
201.0,201,4481.552361
395.0,395,4482.402699
83.0,83,4482.602698
36.0,36,4482.694595
403.0,403,4483.582006
802.0,802,4485.152149
9.0,9,4485.172157
46.0,46,4485.265796
1000.0,1000,4490.783171
1000.0,1000,4492.827223
1000.0,1000,4498.053119
1000.0,1000,4500.292514
1000.0,1000,4505.934041
1000.0,1000,4508.160896
1000.0,1000,4513.718986
1000.0,1000,4515.937371
1000.0,1000,4521.326485
1000.0,1000,4523.245154
1000.0,1000,4528.811865
1000.0,1000,4530.963919
1000.0,1000,4536.743668
1000.0,1000,4538.978232
1000.0,1000,4544.963203
1000.0,1000,4547.159651
1000.0,1000,4552.849017
1000.0,1000,4555.097856
1000.0,1000,4560.722113
1000.0,1000,4562.938172
1000.0,1000,4568.795348
1000.0,1000,4570.835274
1000.0,1000,4576.566797
1000.0,1000,4578.798536
1000.0,1000,4584.393081
1000.0,1000,4586.541277
1000.0,1000,4592.405102
1000.0,1000,4594.58511
1000.0,1000,4600.311235
665.0,665,4601.762362
1000.0,1000,4603.832958
1000.0,1000,4609.548894
1000.0,1000,4611.587564
1000.0,1000,4617.3123
1000.0,1000,4619.345357
1000.0,1000,4625.059746
1000.0,1000,4627.131266
1000.0,1000,4632.818638
1000.0,1000,4634.790675
1000.0,1000,4640.628094
1000.0,1000,4642.705736
1000.0,1000,4648.444555
1000.0,1000,4650.692155
1000.0,1000,4656.204266
1000.0,1000,4658.357992
1000.0,1000,4663.621886
593.0,593,4664.919825
1000.0,1000,4670.834759
1000.0,1000,4673.085928
1000.0,1000,4678.603576
1000.0,1000,4680.752672
1000.0,1000,4682.999738
1000.0,1000,4688.472409
1000.0,1000,4690.620406
1000.0,1000,4696.316991
1000.0,1000,4698.435083
1000.0,1000,4704.09773
1000.0,1000,4706.203251
1000.0,1000,4711.905803
1000.0,1000,4714.171867
1000.0,1000,4719.494541
1000.0,1000,4721.706338
1000.0,1000,4727.468061
1000.0,1000,4729.561184
1000.0,1000,4735.561698
1000.0,1000,4737.740621
1000.0,1000,4743.430987
1000.0,1000,4745.672609
1000.0,1000,4751.419994
1000.0,1000,4753.537514
1000.0,1000,4759.147075
1000.0,1000,4761.430282
1000.0,1000,4767.163655
1000.0,1000,4769.501662
1000.0,1000,4774.868157
1000.0,1000,4777.180644
1000.0,1000,4782.842486
1000.0,1000,4785.058762
375.0,375,4785.88623
248.0,248,4786.390851
1000.0,1000,4791.981142
1000.0,1000,4794.0783
1000.0,1000,4799.830904
1000.0,1000,4802.060633
1000.0,1000,4807.927808
1000.0,1000,4810.092381
1000.0,1000,4815.895217
642.0,642,4817.243868
419.0,419,4818.126023
1000.0,1000,4823.695192
1000.0,1000,4825.863413
1000.0,1000,4831.699643
1000.0,1000,4834.100477
1000.0,1000,4839.813363
1000.0,1000,4841.985036
1000.0,1000,4847.756755
1000.0,1000,4849.925482
1000.0,1000,4855.653247
1000.0,1000,4857.78034
1000.0,1000,4863.369289
1000.0,1000,4865.622013
1000.0,1000,4871.836489
1000.0,1000,4874.058472
1000.0,1000,4879.531534
1000.0,1000,4881.679506
1000.0,1000,4887.296483
1000.0,1000,4889.522
1000.0,1000,4894.844908
1000.0,1000,4897.089847
1000.0,1000,4902.879896
1000.0,1000,4905.323616
1000.0,1000,4910.920597
1000.0,1000,4913.191486
1000.0,1000,4919.269349
1000.0,1000,4921.567641
1000.0,1000,4927.501949
1000.0,1000,4929.695503
1000.0,1000,4935.396405
673.0,673,4936.698529
1000.0,1000,4938.882491
1000.0,1000,4944.745774
1000.0,1000,4946.844021
622.0,622,4951.826511
1000.0,1000,4953.934666
1000.0,1000,4959.880721
1000.0,1000,4961.990473
1000.0,1000,4968.058698
1000.0,1000,4970.222823
1000.0,1000,4976.141348
164.0,164,4976.485408
1000.0,1000,4978.576945
1000.0,1000,4984.338691
1000.0,1000,4986.625467
1000.0,1000,4992.507231
1000.0,1000,4994.588394
1000.0,1000,5000.298682
1000.0,1000,5002.371515
1000.0,1000,5007.811496
1000.0,1000,5010.076834
1000.0,1000,5015.980792
1000.0,1000,5018.273227
1000.0,1000,5023.909338
1000.0,1000,5025.909728
1000.0,1000,5031.322224
1000.0,1000,5033.576162
1000.0,1000,5038.886636
1000.0,1000,5041.145486
1000.0,1000,5043.477817
1000.0,1000,5049.296586
1000.0,1000,5051.387251
277.0,277,5055.73291
1000.0,1000,5057.710424
1000.0,1000,5063.575402
1000.0,1000,5065.636309
1000.0,1000,5071.149272
1000.0,1000,5073.358775
1000.0,1000,5079.338454
1000.0,1000,5081.435942
1000.0,1000,5083.474696
1000.0,1000,5089.066324
1000.0,1000,5091.370976
1000.0,1000,5097.2778
1000.0,1000,5099.416837
1000.0,1000,5104.794453
1000.0,1000,5107.025822
1000.0,1000,5112.567768
1000.0,1000,5114.846381
1000.0,1000,5120.661105
519.0,519,5121.843927
440.0,440,5122.823066
1000.0,1000,5128.290319
1000.0,1000,5130.638682
1000.0,1000,5136.466746
1000.0,1000,5138.69651
1000.0,1000,5144.194802
1000.0,1000,5146.369871
1000.0,1000,5152.023052
408.0,408,5152.966471
1000.0,1000,5155.226007
1000.0,1000,5161.002663
1000.0,1000,5163.299936
1000.0,1000,5169.060507
1000.0,1000,5171.134668
1000.0,1000,5176.542521
874.0,874,5178.409664
1000.0,1000,5184.230779
1000.0,1000,5186.380347
1000.0,1000,5192.048507
1000.0,1000,5194.216476
1000.0,1000,5199.879148
1000.0,1000,5201.968136
1000.0,1000,5207.677663
1000.0,1000,5209.933685
1000.0,1000,5215.743577
1000.0,1000,5217.915464
1000.0,1000,5223.458068
1000.0,1000,5225.548938
1000.0,1000,5231.148714
1000.0,1000,5233.246858
1000.0,1000,5239.009491
1000.0,1000,5241.054273
1000.0,1000,5246.553093
1000.0,1000,5248.665224
1000.0,1000,5254.353648
1000.0,1000,5256.573592
1000.0,1000,5262.026773
1000.0,1000,5264.156624
1000.0,1000,5269.883107
1000.0,1000,5272.040697
1000.0,1000,5277.557201
1000.0,1000,5279.775933
1000.0,1000,5285.621739
1000.0,1000,5287.774567
1000.0,1000,5289.831304
1000.0,1000,5295.302007
1000.0,1000,5297.430853
1000.0,1000,5302.851726
1000.0,1000,5304.971816
1000.0,1000,5310.800122
1000.0,1000,5312.823349
1000.0,1000,5318.324282
1000.0,1000,5320.487132
1000.0,1000,5326.160767
1000.0,1000,5328.305677
1000.0,1000,5334.002519
1000.0,1000,5336.002779
1000.0,1000,5341.927813
1000.0,1000,5343.935936
1000.0,1000,5349.411349
1000.0,1000,5351.55003
1000.0,1000,5357.069563
1000.0,1000,5359.440304
1000.0,1000,5365.13795
1000.0,1000,5367.44337
1000.0,1000,5372.997689
1000.0,1000,5375.185699
1000.0,1000,5381.058042
1000.0,1000,5383.170716
1000.0,1000,5388.569401
1000.0,1000,5390.70408
1000.0,1000,5396.103798
1000.0,1000,5398.355215
1000.0,1000,5403.839155
1000.0,1000,5405.880533
1000.0,1000,5411.543111
1000.0,1000,5413.642641
1000.0,1000,5418.991645
877.0,877,5420.968658
1000.0,1000,5426.715759
550.0,550,5427.894165
1000.0,1000,5430.113559
1000.0,1000,5435.523148
1000.0,1000,5437.757741
1000.0,1000,5443.39949
1000.0,1000,5445.467065
1000.0,1000,5451.326983
1000.0,1000,5453.498935
1000.0,1000,5458.913344
1000.0,1000,5461.016171
1000.0,1000,5466.891896
1000.0,1000,5469.061781
1000.0,1000,5475.009182
1000.0,1000,5477.15902
1000.0,1000,5483.01984
1000.0,1000,5485.272345
1000.0,1000,5490.840383
1000.0,1000,5493.000472
1000.0,1000,5499.033357
1000.0,1000,5501.3285
1000.0,1000,5507.256987
1000.0,1000,5509.549704
1000.0,1000,5514.970979
1000.0,1000,5517.060998
1000.0,1000,5522.476315
1000.0,1000,5524.741096
1000.0,1000,5527.042545
375.0,375,5531.476992
1000.0,1000,5533.66731
1000.0,1000,5539.445636
1000.0,1000,5541.589679
1000.0,1000,5547.077956
1000.0,1000,5549.301549
1000.0,1000,5555.22716
1000.0,1000,5557.539068
1000.0,1000,5563.338524
1000.0,1000,5565.601256
1000.0,1000,5571.215132
1000.0,1000,5573.377423
1000.0,1000,5578.641788
1000.0,1000,5580.819824
1000.0,1000,5586.768793
1000.0,1000,5589.037563
1000.0,1000,5591.264069
1000.0,1000,5597.177372
355.0,355,5598.126098
1000.0,1000,5603.888283
993.0,993,5606.035679
1000.0,1000,5611.792582
82.0,82,5611.993041
387.0,387,5612.818526
570.0,570,5614.073616
630.0,630,5615.35479
1000.0,1000,5621.076234
1000.0,1000,5623.126432
1000.0,1000,5629.33652
1000.0,1000,5631.466555
1000.0,1000,5637.391633
1000.0,1000,5639.662402
902.0,902,5645.313628
1000.0,1000,5647.868637
163.0,163,5648.223044
83.0,83,5648.387876
1000.0,1000,5653.926506
1000.0,1000,5656.227483
1000.0,1000,5662.423724
1000.0,1000,5664.640684
1000.0,1000,5670.238618
1000.0,1000,5672.399733
1000.0,1000,5678.307829
1000.0,1000,5680.371365
1000.0,1000,5686.045151
1000.0,1000,5688.194056
1000.0,1000,5694.05043
1000.0,1000,5696.030895
1000.0,1000,5701.756993
1000.0,1000,5704.052995
1000.0,1000,5709.860351
1000.0,1000,5711.818993
1000.0,1000,5717.714374
1000.0,1000,5720.019384
1000.0,1000,5726.270777
1000.0,1000,5728.497542
1000.0,1000,5734.429582
1000.0,1000,5736.571567
1000.0,1000,5742.450921
1000.0,1000,5744.571056
1000.0,1000,5750.486275
1000.0,1000,5752.662902
1000.0,1000,5758.459533
1000.0,1000,5760.656011
1000.0,1000,5766.689874
1000.0,1000,5768.853479
1000.0,1000,5774.71144
1000.0,1000,5776.838269
1000.0,1000,5782.545994
1000.0,1000,5784.563424
1000.0,1000,5786.573933
1000.0,1000,5792.452635
1000.0,1000,5794.676763
1000.0,1000,5800.599343
1000.0,1000,5802.746016
1000.0,1000,5808.559914
1000.0,1000,5810.747467
1000.0,1000,5816.29946
1000.0,1000,5818.319453
1000.0,1000,5824.12313
1000.0,1000,5826.233828
726.0,726,5830.987794
1000.0,1000,5833.035047
1000.0,1000,5838.486166
1000.0,1000,5840.516663
1000.0,1000,5845.991212
1000.0,1000,5848.157885
1000.0,1000,5853.736148
1000.0,1000,5855.856841
1000.0,1000,5861.635597
1000.0,1000,5863.666554
1000.0,1000,5869.423873
1000.0,1000,5871.59762
1000.0,1000,5877.170622
1000.0,1000,5879.265968
1000.0,1000,5884.677575
1000.0,1000,5886.829515
1000.0,1000,5892.730275
1000.0,1000,5894.958891
1000.0,1000,5900.501133
1000.0,1000,5902.633664
1000.0,1000,5904.809066
1000.0,1000,5910.279544
1000.0,1000,5912.564508
1000.0,1000,5918.476728
1000.0,1000,5920.730089
1000.0,1000,5926.247969
1000.0,1000,5928.477277
1000.0,1000,5934.353513
1000.0,1000,5936.679143
1000.0,1000,5942.198714
1000.0,1000,5944.397771
1000.0,1000,5950.109808
1000.0,1000,5952.309138
1000.0,1000,5957.963265
1000.0,1000,5960.241482
1000.0,1000,5966.200802
1000.0,1000,5968.306298
1000.0,1000,5974.318839
1000.0,1000,5976.515994
1000.0,1000,5982.219574
1000.0,1000,5984.561551
1000.0,1000,5990.128624
1000.0,1000,5992.147673
1000.0,1000,5997.836805
1000.0,1000,5999.978072
1000.0,1000,6005.818207
1000.0,1000,6007.905226
1000.0,1000,6013.858689
1000.0,1000,6015.885066
1000.0,1000,6021.459375
1000.0,1000,6023.538794
1000.0,1000,6029.256517
1000.0,1000,6031.493743
1000.0,1000,6037.177958
1000.0,1000,6039.221512
1000.0,1000,6044.752529
1000.0,1000,6046.893587
1000.0,1000,6052.457663
1000.0,1000,6054.482824
1000.0,1000,6059.942302
1000.0,1000,6062.061743
1000.0,1000,6067.701412
1000.0,1000,6069.879395
1000.0,1000,6072.095537
1000.0,1000,6077.988648
1000.0,1000,6080.082269
1000.0,1000,6086.074359
1000.0,1000,6088.301132
1000.0,1000,6093.83084
1000.0,1000,6095.926321
1000.0,1000,6102.18704
1000.0,1000,6104.402708
1000.0,1000,6110.251892
1000.0,1000,6112.447804
1000.0,1000,6118.412316
1000.0,1000,6120.692708
1000.0,1000,6126.573938
1000.0,1000,6128.776393
1000.0,1000,6134.288244
1000.0,1000,6136.500309
1000.0,1000,6142.387842
1000.0,1000,6144.574541
1000.0,1000,6150.105922
1000.0,1000,6152.183849
1000.0,1000,6158.437325
1000.0,1000,6160.427444
1000.0,1000,6166.16086
1000.0,1000,6168.193684
1000.0,1000,6173.976718
1000.0,1000,6176.180629
1000.0,1000,6182.020527
1000.0,1000,6184.245319
1000.0,1000,6190.099942
1000.0,1000,6192.232409
1000.0,1000,6198.025182
1000.0,1000,6200.303135
1000.0,1000,6206.056063
1000.0,1000,6208.273606
1000.0,1000,6213.702293
1000.0,1000,6215.800276
1000.0,1000,6221.314515
1000.0,1000,6223.333233
1000.0,1000,6229.126767
1000.0,1000,6231.23755
1000.0,1000,6237.253359
1000.0,1000,6239.393114
1000.0,1000,6241.531628
1000.0,1000,6247.450356
1000.0,1000,6249.663038
1000.0,1000,6255.319127
1000.0,1000,6257.517301
1000.0,1000,6263.365228
1000.0,1000,6265.3541
1000.0,1000,6271.065319
1000.0,1000,6273.070771
1000.0,1000,6278.866001
1000.0,1000,6280.911196
1000.0,1000,6286.96426
1000.0,1000,6289.184463
1000.0,1000,6294.652886
1000.0,1000,6296.761855
1000.0,1000,6302.43117
1000.0,1000,6304.481577
1000.0,1000,6310.063855
1000.0,1000,6312.086387
1000.0,1000,6317.892048
1000.0,1000,6319.99824
1000.0,1000,6325.697734
1000.0,1000,6327.861601
1000.0,1000,6333.666646
1000.0,1000,6335.504695
1000.0,1000,6341.299224
1000.0,1000,6343.379959
1000.0,1000,6349.155421
1000.0,1000,6351.39765
1000.0,1000,6356.809408
1000.0,1000,6358.92405
1000.0,1000,6364.840821
1000.0,1000,6367.106282
1000.0,1000,6372.951504
1000.0,1000,6374.966014
1000.0,1000,6380.787427
1000.0,1000,6382.929892
1000.0,1000,6388.654556
1000.0,1000,6390.761278
1000.0,1000,6396.470832
1000.0,1000,6398.806391
1000.0,1000,6404.674865
1000.0,1000,6406.938611
1000.0,1000,6409.065871
1000.0,1000,6415.075848
1000.0,1000,6417.110289
1000.0,1000,6423.256274
1000.0,1000,6425.393329
1000.0,1000,6431.151743
1000.0,1000,6433.125986
1000.0,1000,6438.861473
1000.0,1000,6440.925635
1000.0,1000,6446.761027
1000.0,1000,6448.832165
1000.0,1000,6454.626664
1000.0,1000,6456.792159
1000.0,1000,6462.637077
1000.0,1000,6465.137981
1000.0,1000,6470.858318
1000.0,1000,6472.897125
1000.0,1000,6478.614977
1000.0,1000,6480.878166
1000.0,1000,6486.422609
1000.0,1000,6488.497935
1000.0,1000,6493.973507
1000.0,1000,6496.244309
1000.0,1000,6501.545295
1000.0,1000,6503.57333
1000.0,1000,6509.606235
1000.0,1000,6512.041959
1000.0,1000,6518.103864
1000.0,1000,6520.613264
1000.0,1000,6526.635167
1000.0,1000,6528.941222
1000.0,1000,6534.882595
1000.0,1000,6536.91222
1000.0,1000,6542.825402
1000.0,1000,6545.004778
85.0,85,6545.198607
1000.0,1000,6550.958812
1000.0,1000,6553.11679
1000.0,1000,6558.864389
1000.0,1000,6560.933637
43.0,43,6561.038758
1000.0,1000,6566.502489
1000.0,1000,6568.590374
74.0,74,6568.746522
1000.0,1000,6574.596761
24.0,24,6574.64329
1000.0,1000,6576.836306
1000.0,1000,6582.561803
164.0,164,6582.92285
1000.0,1000,6585.236198
1000.0,1000,6591.176518
1000.0,1000,6593.493245
1000.0,1000,6599.516109
101.0,101,6599.715833
1000.0,1000,6601.898938
1000.0,1000,6607.325722
1000.0,1000,6609.293843
1000.0,1000,6615.125342
594.0,594,6616.555724
614.0,614,6617.871095
1000.0,1000,6624.129373
1000.0,1000,6626.404441
1000.0,1000,6631.97446
63.0,63,6632.113246
100.0,100,6632.320997
1000.0,1000,6634.352697
1000.0,1000,6639.97299
1000.0,1000,6642.158762
1000.0,1000,6648.248727
1000.0,1000,6650.375816
1000.0,1000,6656.078247
195.0,195,6656.564866
1000.0,1000,6658.881906
1000.0,1000,6664.54741
1000.0,1000,6666.760357
1000.0,1000,6672.404253
1000.0,1000,6674.597698
1000.0,1000,6680.574
1000.0,1000,6682.722881
1000.0,1000,6688.419713
1000.0,1000,6690.656952
1000.0,1000,6696.466068
1000.0,1000,6698.723847
1000.0,1000,6704.475822
1000.0,1000,6706.75161
1000.0,1000,6712.657755
800.0,800,6714.432303
1000.0,1000,6716.625434
1000.0,1000,6722.675235
1000.0,1000,6724.892684
1000.0,1000,6730.95482
1000.0,1000,6733.394807
1000.0,1000,6738.834728
1000.0,1000,6740.901961
1000.0,1000,6746.087272
1000.0,1000,6748.314499
724.0,724,6753.897167
1000.0,1000,6756.107264
767.0,767,6761.454796
1000.0,1000,6763.545314
1000.0,1000,6769.543366
1000.0,1000,6771.830529
1000.0,1000,6777.830208
1000.0,1000,6780.022655
1000.0,1000,6785.846684
1000.0,1000,6788.133443
1000.0,1000,6793.702445
1000.0,1000,6795.733384
1000.0,1000,6801.821949
1000.0,1000,6804.154382
1000.0,1000,6806.408615
1000.0,1000,6811.868716
1000.0,1000,6813.965923
1000.0,1000,6819.701883
1000.0,1000,6821.873112
1000.0,1000,6827.700399
1000.0,1000,6829.776794
1000.0,1000,6835.658033
1000.0,1000,6837.914649
1000.0,1000,6843.669177
1000.0,1000,6845.699416
1000.0,1000,6851.578605
187.0,187,6851.953295
250.0,250,6852.547953
1000.0,1000,6858.155861
1000.0,1000,6860.478232
1000.0,1000,6866.460506
601.0,601,6867.797996
1000.0,1000,6869.997576
1000.0,1000,6875.6971
1000.0,1000,6877.758748
1000.0,1000,6883.029458
1000.0,1000,6885.150328
1000.0,1000,6890.860332
1000.0,1000,6893.172052
1000.0,1000,6898.879585
1000.0,1000,6901.162685
1000.0,1000,6906.898849
1000.0,1000,6909.133595
369.0,369,6910.044267
1000.0,1000,6915.506881
261.0,261,6916.01184
1000.0,1000,6918.161488
1000.0,1000,6923.597054
1000.0,1000,6925.787684
1000.0,1000,6931.65203
1000.0,1000,6934.036325
1000.0,1000,6939.511917
1000.0,1000,6941.835063
1000.0,1000,6947.504068
1000.0,1000,6949.709341
1000.0,1000,6955.511978
1000.0,1000,6957.800226
1000.0,1000,6963.773353
1000.0,1000,6966.060838
1000.0,1000,6971.516786
1000.0,1000,6973.630649
1000.0,1000,6979.539626
1000.0,1000,6981.704018
1000.0,1000,6987.760046
1000.0,1000,6989.847241
511.0,511,6994.752024
1000.0,1000,6996.86835
1000.0,1000,6999.308625
386.0,386,7003.714173
1000.0,1000,7005.97061
1000.0,1000,7011.685592
1000.0,1000,7013.811024
1000.0,1000,7019.498764
1000.0,1000,7021.519342
1000.0,1000,7027.078197
1000.0,1000,7029.121831
1000.0,1000,7035.027173
1000.0,1000,7037.190997
832.0,832,7038.816422
1000.0,1000,7044.917284
1000.0,1000,7046.840194
1000.0,1000,7052.667421
1000.0,1000,7054.689709
1000.0,1000,7060.492317
1000.0,1000,7062.491963
1000.0,1000,7068.468975
1000.0,1000,7070.437263
1000.0,1000,7076.365293
1000.0,1000,7078.49034
1000.0,1000,7084.617844
1000.0,1000,7086.699662
1000.0,1000,7092.939983
1000.0,1000,7094.991995
1000.0,1000,7100.938037
1000.0,1000,7103.171514
1000.0,1000,7108.871943
1000.0,1000,7110.890252
1000.0,1000,7116.42618
1000.0,1000,7118.584681
1000.0,1000,7124.517379
995.0,995,7126.649318
1000.0,1000,7132.647725
1000.0,1000,7134.701846
1000.0,1000,7140.423127
1000.0,1000,7142.490754
1000.0,1000,7147.979079
1000.0,1000,7150.021872
1000.0,1000,7155.954257
627.0,627,7157.336748
1000.0,1000,7159.607829
1000.0,1000,7165.274555
1000.0,1000,7167.437982
1000.0,1000,7173.411231
1000.0,1000,7175.521661
1000.0,1000,7181.420024
1000.0,1000,7183.356665
1000.0,1000,7189.261024
1000.0,1000,7191.422097
1000.0,1000,7197.427491
1000.0,1000,7199.567824
1000.0,1000,7205.603544
1000.0,1000,7207.556864
1000.0,1000,7213.373716
107.0,107,7213.626368
1000.0,1000,7215.858222
1000.0,1000,7222.103746
1000.0,1000,7224.398452
1000.0,1000,7230.462592
1000.0,1000,7232.56376
1000.0,1000,7238.587583
1000.0,1000,7240.557689
1000.0,1000,7246.389855
1000.0,1000,7248.722679
1000.0,1000,7254.929512
1000.0,1000,7257.088901
1000.0,1000,7263.188138
1000.0,1000,7265.224845
1000.0,1000,7270.915109
1000.0,1000,7273.090829
1000.0,1000,7279.265573
1000.0,1000,7281.384682
1000.0,1000,7286.949593
1000.0,1000,7289.058897
1000.0,1000,7294.942981
889.0,889,7296.92139
1000.0,1000,7302.939215
687.0,687,7304.327376
1000.0,1000,7306.387072
1000.0,1000,7312.270999
1000.0,1000,7314.50429
1000.0,1000,7320.704029
1000.0,1000,7322.81673
1000.0,1000,7328.988121
1000.0,1000,7331.133331
1000.0,1000,7337.213058
1000.0,1000,7339.294113
1000.0,1000,7345.161803
1000.0,1000,7347.235941
1000.0,1000,7353.03366
1000.0,1000,7355.107871
1000.0,1000,7361.159985
1000.0,1000,7363.239123
1000.0,1000,7369.088905
1000.0,1000,7371.330827
1000.0,1000,7377.080417
1000.0,1000,7379.276492
1000.0,1000,7385.157737
1000.0,1000,7387.267327
1000.0,1000,7393.3124
1000.0,1000,7395.527375
1000.0,1000,7401.709404
1000.0,1000,7403.837159
1000.0,1000,7409.951105
1000.0,1000,7412.028122
1000.0,1000,7417.821763
1000.0,1000,7419.850771
1000.0,1000,7425.887234
1000.0,1000,7427.894056
1000.0,1000,7430.066778
1000.0,1000,7436.118212
1000.0,1000,7438.386126
1000.0,1000,7444.346495
1000.0,1000,7446.491245
1000.0,1000,7452.01261
1000.0,1000,7454.130491
1000.0,1000,7459.965966
1000.0,1000,7462.045164
1000.0,1000,7467.680859
1000.0,1000,7469.812596
1000.0,1000,7475.447129
1000.0,1000,7477.550623
1000.0,1000,7483.531016
1000.0,1000,7485.679114
1000.0,1000,7491.149449
1000.0,1000,7493.243633
1000.0,1000,7499.144664
1000.0,1000,7501.189459
1000.0,1000,7507.102463
1000.0,1000,7509.130473
176.0,176,7509.473567
1000.0,1000,7515.268134
1000.0,1000,7517.370907
1000.0,1000,7523.630027
1000.0,1000,7525.752678
1000.0,1000,7531.91156
1000.0,1000,7534.161339
1000.0,1000,7540.059699
1000.0,1000,7542.316995
1000.0,1000,7548.626689
1000.0,1000,7550.736588
1000.0,1000,7556.577674
1000.0,1000,7558.618024
1000.0,1000,7564.552485
1000.0,1000,7566.696378
803.0,803,7572.306345
254.0,254,7572.937919
1000.0,1000,7575.145308
366.0,366,7575.898674
225.0,225,7576.35272
1000.0,1000,7582.417807
610.0,610,7583.785201
1000.0,1000,7589.914244
1000.0,1000,7592.153328
1000.0,1000,7598.277871
1000.0,1000,7600.427117
1000.0,1000,7606.364588
1000.0,1000,7608.386801
1000.0,1000,7614.068466
1000.0,1000,7616.174223
1000.0,1000,7622.019654
1000.0,1000,7624.210542
1000.0,1000,7630.134915
1000.0,1000,7632.405241
1000.0,1000,7638.383257
1000.0,1000,7640.366156
1000.0,1000,7646.384082
1000.0,1000,7648.477037
1000.0,1000,7654.230018
1000.0,1000,7656.00628
1000.0,1000,7660.908409
1000.0,1000,7662.674211
1000.0,1000,7667.523319
1000.0,1000,7669.303144
1000.0,1000,7671.046415
