#{"t_start": 1534983444.9647431, "env_id": "Swimmer-v2"}
r,l,t
24.20104,1000,2.982752
-4.075526,1000,5.237209
1.830143,1000,10.930231
4.525671,1000,13.072543
34.046091,1000,18.550302
14.121346,1000,20.768226
-1.200586,1000,26.138582
5.955095,1000,28.274088
37.089655,1000,33.981692
28.794826,1000,36.045913
-7.298276,1000,41.221453
4.158201,1000,43.443271
17.588075,1000,48.626437
-15.514683,1000,50.656098
25.394368,1000,56.180758
-3.641766,1000,58.336646
21.81327,1000,63.565796
23.0377,1000,65.727859
23.382951,1000,71.705896
24.799223,1000,73.837444
18.366317,1000,79.528248
29.399799,1000,81.868808
21.807066,1000,87.242517
10.037475,1000,89.469608
18.667947,1000,94.748591
25.318593,1000,96.858094
24.310338,1000,101.983845
17.254412,1000,104.283485
28.091382,1000,109.887576
26.985262,1000,112.042963
30.929911,1000,117.358159
25.530535,1000,119.57539
20.873086,1000,124.650554
29.141607,1000,126.82891
23.54139,1000,132.417421
23.818377,1000,134.708431
19.634149,1000,140.203739
20.806343,1000,142.340124
27.455828,1000,148.034995
27.59051,1000,150.09989
24.819108,1000,155.263794
16.312461,1000,157.469325
20.152424,1000,159.56338
17.59222,1000,164.838234
19.807091,1000,166.906104
-0.545371,1000,172.669148
-5.62111,1000,174.803664
3.91317,1000,180.28756
28.579664,1000,182.420775
19.589781,1000,187.876042
9.585377,1000,190.221122
33.713369,1000,195.980142
13.610619,1000,198.090302
32.610287,1000,203.396782
32.175935,1000,205.465806
35.758985,1000,210.360076
32.471343,1000,212.620333
33.038732,1000,218.179497
35.657479,1000,220.357247
30.884919,1000,225.791799
35.664353,1000,228.023628
33.071091,1000,233.2571
29.741557,1000,235.669031
28.031698,1000,241.251364
30.619251,1000,243.402078
36.649971,1000,248.417447
36.274612,1000,250.607008
35.541356,1000,256.086008
20.72832,1000,258.264744
37.051304,1000,263.889821
33.429891,1000,266.150047
20.43265,1000,271.591485
20.436361,1000,274.000787
23.337283,1000,279.463934
18.498558,1000,281.843365
28.458543,1000,287.080014
32.882878,1000,289.405799
22.677651,1000,294.528151
20.823692,1000,296.608762
36.115926,1000,301.607445
16.222765,1000,303.845266
34.642211,1000,309.010868
40.014475,1000,311.257794
36.138856,1000,316.824398
37.218733,1000,319.076991
37.971775,1000,321.439822
41.315424,1000,326.642037
30.937969,1000,328.884509
24.07137,1000,334.535148
37.799525,1000,336.878817
36.83976,1000,342.394779
37.324506,1000,344.794494
39.902027,1000,350.43323
38.191991,1000,352.64787
37.032869,1000,358.245855
35.015767,1000,360.52817
38.532774,1000,365.758742
36.039991,1000,367.762079
36.769618,1000,373.04631
39.586219,1000,375.184048
38.15166,1000,380.876367
40.104285,1000,382.993699
39.609769,1000,388.014591
38.347527,1000,390.369414
38.205805,1000,395.668685
39.24462,1000,397.860876
35.332691,1000,403.525148
35.308087,1000,405.854655
39.963886,1000,411.207777
32.084685,1000,413.523479
22.974173,1000,419.214881
36.618281,1000,421.545339
20.992928,1000,426.885902
19.219539,1000,429.120936
32.334544,1000,434.614343
28.519401,1000,436.864835
26.482526,1000,442.406482
26.175235,1000,444.747672
35.344647,1000,452.198425
36.016148,1000,454.337378
31.30122,1000,459.753713
32.871642,1000,462.069028
25.831369,1000,467.15816
28.287074,1000,469.260044
28.008871,1000,474.905406
34.866066,1000,477.188941
33.548406,1000,482.315213
28.71019,1000,484.559368
34.098999,1000,486.793864
29.187374,1000,492.162994
33.774584,1000,494.461127
25.563615,1000,499.626353
29.740316,1000,501.84189
33.150895,1000,507.409531
32.275077,1000,509.45083
30.148529,1000,514.682055
36.29126,1000,516.864316
41.808002,1000,522.294981
37.16931,1000,524.443941
34.432561,1000,529.79561
33.651301,1000,531.997473
39.207743,1000,537.63322
36.706175,1000,539.8254
37.323166,1000,545.13842
35.789436,1000,547.508905
32.943122,1000,552.802291
35.269989,1000,554.93108
35.874826,1000,560.243245
33.818351,1000,562.450602
35.468357,1000,567.95591
33.645299,1000,570.213222
32.554565,1000,575.466329
34.234892,1000,577.810619
30.422241,1000,583.107638
37.069096,1000,585.255507
32.70853,1000,590.591015
34.919791,1000,592.791827
34.562205,1000,598.450658
38.191409,1000,600.711816
33.774928,1000,605.636825
36.423222,1000,607.868042
34.198008,1000,613.612206
32.721884,1000,615.684652
40.985455,1000,620.851386
37.647134,1000,623.133682
38.638951,1000,628.863468
39.090219,1000,631.159787
34.387839,1000,636.575749
36.835572,1000,638.75803
36.937171,1000,644.470856
37.976678,1000,646.789127
35.24278,1000,648.973178
32.78758,1000,654.267239
37.864883,1000,656.576331
35.248512,1000,661.80897
40.557194,1000,664.105202
39.388785,1000,669.743525
37.616052,1000,671.924323
34.9412,1000,677.302509
38.260497,1000,679.520454
38.134068,1000,684.96935
36.905031,1000,687.075927
40.002514,1000,692.337051
36.149829,1000,694.412199
37.760106,1000,700.125904
38.03481,1000,702.287749
33.880099,1000,707.847605
35.403753,1000,709.986515
38.578548,1000,715.166777
36.362091,1000,717.322824
33.445459,1000,722.51474
34.269379,1000,724.774803
37.553349,1000,730.073738
34.628014,1000,732.386166
37.827853,1000,738.055508
34.903182,1000,740.32171
36.945917,1000,745.751194
35.699516,1000,747.97015
38.682694,1000,753.40985
37.462986,1000,755.612034
39.606624,1000,760.672802
37.777171,1000,762.90161
36.675018,1000,768.024225
36.07527,1000,770.327712
33.045477,1000,776.006612
36.215286,1000,778.237549
37.57984,1000,783.816288
34.902946,1000,785.937931
37.072236,1000,790.963456
40.676059,1000,793.168176
37.091189,1000,798.048553
37.779446,1000,800.367374
36.410031,1000,806.100062
36.111097,1000,808.29814
37.140591,1000,810.340078
39.82854,1000,815.128478
38.695141,1000,817.224987
35.931697,1000,822.570731
38.077683,1000,824.699637
32.625344,1000,830.120655
38.587886,1000,832.337485
36.09752,1000,838.057741
32.097975,1000,840.249746
37.881508,1000,845.468369
37.244735,1000,847.72346
37.500847,1000,853.084929
32.449141,1000,855.316648
35.684783,1000,860.308761
36.806381,1000,862.545528
33.478484,1000,867.744099
44.042245,1000,869.942704
38.019851,1000,875.674206
34.839057,1000,877.813667
39.208855,1000,883.26867
34.285612,1000,885.471458
34.618705,1000,890.712912
32.64652,1000,892.917229
32.546255,1000,898.318416
35.603508,1000,900.625812
37.70816,1000,905.974826
33.550439,1000,908.142915
38.234778,1000,913.868678
37.963107,1000,916.217449
35.562205,1000,921.532052
39.704423,1000,923.751547
36.535725,1000,929.116909
36.982457,1000,931.312526
35.632229,1000,936.825124
35.926421,1000,939.109333
39.632298,1000,944.626185
33.137535,1000,946.81454
34.371272,1000,951.742309
37.325872,1000,953.92535
38.818205,1000,958.93916
36.748005,1000,961.139318
35.936321,1000,963.363273
35.86843,1000,968.523121
34.637325,1000,970.829148
38.61647,1000,976.279826
33.040734,1000,978.576465
38.51524,1000,984.037458
38.95817,1000,986.212209
38.500647,1000,991.440159
36.662068,1000,993.49108
38.570169,1000,998.706897
36.764699,1000,1000.743999
35.498264,1000,1006.275691
37.368477,1000,1008.520304
35.706242,1000,1014.095208
39.720968,1000,1016.208899
36.76615,1000,1022.015117
31.922759,1000,1024.197976
32.562334,1000,1029.693611
35.979853,1000,1032.011064
36.78829,1000,1037.554657
33.088351,1000,1039.796694
35.756171,1000,1045.119539
35.767555,1000,1047.314878
37.646513,1000,1052.432846
33.945546,1000,1054.695035
36.994895,1000,1060.172377
41.636885,1000,1062.39515
36.293465,1000,1067.826072
35.86321,1000,1070.080602
35.728413,1000,1075.556027
41.772731,1000,1077.645036
37.72247,1000,1082.841074
36.745499,1000,1084.979394
37.31035,1000,1090.240751
38.827149,1000,1092.479685
40.023744,1000,1098.180344
36.900557,1000,1100.331198
38.466914,1000,1105.580364
34.688292,1000,1107.880763
37.762346,1000,1113.384183
37.020141,1000,1115.718061
32.381804,1000,1121.382091
37.292731,1000,1123.661674
37.79765,1000,1125.977604
39.094933,1000,1132.790608
38.143803,1000,1134.91725
36.92231,1000,1140.307174
39.889812,1000,1142.716389
39.408938,1000,1148.025214
39.56896,1000,1150.325581
38.16887,1000,1155.562803
35.881619,1000,1157.790017
34.830587,1000,1163.098152
38.931383,1000,1165.518362
39.924244,1000,1171.158516
38.366661,1000,1173.526401
37.685387,1000,1179.410684
38.475405,1000,1181.58727
37.612161,1000,1187.547673
36.273599,1000,1189.778819
39.307345,1000,1195.394785
38.903383,1000,1197.388811
35.481102,1000,1202.912961
36.772392,1000,1205.093838
34.276217,1000,1210.318205
38.448651,1000,1212.610295
34.608156,1000,1218.143647
35.819525,1000,1220.41985
38.170931,1000,1225.878927
37.252995,1000,1228.141152
37.246349,1000,1233.376013
33.213484,1000,1235.83292
36.440765,1000,1240.970883
36.517472,1000,1243.154482
36.101552,1000,1248.513048
39.311225,1000,1250.765198
37.604747,1000,1256.165005
33.653455,1000,1258.469638
38.895249,1000,1263.765815
37.341388,1000,1266.033014
36.7916,1000,1271.34075
35.216595,1000,1273.657345
37.575158,1000,1279.031024
36.544935,1000,1281.293586
36.445707,1000,1286.94162
35.339653,1000,1289.011186
37.941512,1000,1291.253416
38.463502,1000,1296.802702
37.941861,1000,1299.059238
38.437095,1000,1304.587605
36.551449,1000,1306.858379
36.446134,1000,1312.366147
36.571775,1000,1314.300874
34.737808,1000,1320.026742
35.686661,1000,1322.230196
38.656775,1000,1327.257761
38.660469,1000,1329.61898
35.534564,1000,1334.826632
35.748342,1000,1337.039203
34.752837,1000,1342.434314
10.95214,1000,1344.868284
36.751314,1000,1349.906667
35.295422,1000,1352.18614
35.905837,1000,1357.736999
35.770876,1000,1360.093024
37.720472,1000,1365.689819
39.212063,1000,1367.992866
41.972039,1000,1373.385272
34.793742,1000,1375.710372
36.198672,1000,1381.2438
36.048963,1000,1383.421691
34.527778,1000,1389.023829
37.166683,1000,1391.232043
34.844685,1000,1396.774399
35.410287,1000,1399.028907
37.144692,1000,1404.468226
36.553844,1000,1406.77374
35.481735,1000,1412.254015
38.334211,1000,1414.817582
38.138945,1000,1420.657406
33.188465,1000,1423.140241
36.619809,1000,1428.443433
36.837946,1000,1430.869315
36.678018,1000,1436.119431
37.175278,1000,1438.399243
36.844457,1000,1443.831018
35.023495,1000,1445.940262
35.504359,1000,1451.646132
36.736723,1000,1453.822847
34.079903,1000,1455.999285
36.506608,1000,1461.353662
36.142259,1000,1463.627526
35.879854,1000,1469.163524
37.022241,1000,1471.385984
37.114458,1000,1476.712894
33.687723,1000,1478.904382
35.311579,1000,1484.091612
37.251365,1000,1486.354145
37.197521,1000,1491.48723
35.937662,1000,1493.764465
35.661402,1000,1499.339588
37.077643,1000,1501.49615
35.721831,1000,1506.500518
34.978472,1000,1508.673584
33.663486,1000,1513.602543
38.53173,1000,1515.874408
36.057784,1000,1521.68894
37.979278,1000,1523.965785
39.061812,1000,1529.648403
36.878678,1000,1531.790248
35.214711,1000,1537.475473
37.00666,1000,1539.672377
34.446882,1000,1545.008026
35.459422,1000,1547.220265
35.892814,1000,1552.646774
35.989235,1000,1555.019884
33.366932,1000,1560.165367
38.779566,1000,1562.585389
37.869818,1000,1567.993186
36.200787,1000,1570.120088
35.541113,1000,1576.023468
35.840404,1000,1578.260789
38.982,1000,1583.83094
36.183552,1000,1586.155986
39.002677,1000,1591.64767
34.427286,1000,1593.944538
37.741154,1000,1599.453815
40.111888,1000,1601.708267
38.377008,1000,1607.27469
39.188641,1000,1609.609679
36.996676,1000,1615.234292
37.370159,1000,1617.460315
39.022153,1000,1619.536353
39.72631,1000,1625.055328
37.525456,1000,1627.159032
37.21918,1000,1632.269095
40.202302,1000,1634.440078
36.371746,1000,1640.201409
34.935728,1000,1642.428939
41.013018,1000,1648.090101
38.878228,1000,1650.391867
37.848676,1000,1655.934198
37.709102,1000,1658.211421
36.999531,1000,1663.656049
39.215756,1000,1665.904142
40.849963,1000,1671.497352
39.449542,1000,1673.76271
36.549682,1000,1679.346185
37.259974,1000,1681.50746
39.858821,1000,1686.787092
37.417249,1000,1689.143321
38.40587,1000,1694.551217
39.769056,1000,1696.724483
34.822158,1000,1702.149604
37.645643,1000,1704.467299
39.011116,1000,1709.506298
40.495817,1000,1711.477785
37.219456,1000,1716.706981
38.424295,1000,1718.744534
38.267495,1000,1724.363466
37.824523,1000,1726.563164
38.513932,1000,1731.845127
39.450073,1000,1734.166476
36.201525,1000,1739.514136
40.138131,1000,1741.667998
39.564322,1000,1747.433577
40.216756,1000,1749.84942
37.866579,1000,1755.309731
38.492219,1000,1757.41806
37.435466,1000,1762.684645
39.940591,1000,1765.026242
37.317651,1000,1770.433578
41.683136,1000,1772.641262
39.401832,1000,1778.000882
39.513505,1000,1780.444072
38.645774,1000,1782.818684
37.498113,1000,1788.280803
43.396473,1000,1790.495899
43.141428,1000,1796.106216
42.078001,1000,1798.357582
37.296268,1000,1803.540486
41.400988,1000,1805.981081
38.907016,1000,1811.693681
39.216095,1000,1813.860815
39.203936,1000,1819.550225
36.53408,1000,1821.681464
32.888203,1000,1827.095707
39.020195,1000,1829.313439
39.583336,1000,1834.698282
34.601386,1000,1836.780399
39.435043,1000,1842.253453
39.88849,1000,1844.55772
40.936923,1000,1850.084504
43.620332,1000,1852.269113
38.462041,1000,1857.518286
40.469173,1000,1859.773752
37.27787,1000,1865.311372
41.940145,1000,1867.592462
41.67664,1000,1873.101956
41.027093,1000,1875.457508
38.480349,1000,1880.932218
37.834603,1000,1882.991726
43.304739,1000,1888.355616
41.908795,1000,1890.594373
41.337827,1000,1895.799218
38.98665,1000,1898.159917
40.103232,1000,1904.04839
43.643116,1000,1906.17979
40.029351,1000,1911.444993
42.034051,1000,1913.693551
40.443936,1000,1919.303055
32.808622,1000,1921.471835
42.159307,1000,1926.536643
41.349541,1000,1928.591126
37.7108,1000,1934.03953
20.262353,1000,1936.224172
34.754708,1000,1938.42911
41.502718,1000,1943.981284
41.912047,1000,1946.329614
36.679904,1000,1951.857895
41.693773,1000,1954.197539
40.236656,1000,1959.660876
40.546887,1000,1961.769867
37.670349,1000,1967.347129
37.859638,1000,1969.807495
42.097326,1000,1975.267713
40.330011,1000,1977.3313
40.364445,1000,1982.760423
37.763058,1000,1984.910014
42.507914,1000,1990.410836
39.208655,1000,1992.62276
38.910365,1000,1998.23298
39.169023,1000,2000.36433
37.178569,1000,2005.925105
42.322613,1000,2008.208647
39.093548,1000,2013.820121
42.024616,1000,2015.998663
37.391885,1000,2021.652006
40.396799,1000,2023.780152
40.351838,1000,2028.884457
41.628821,1000,2030.957613
40.487486,1000,2036.200622
41.90889,1000,2038.344704
41.134029,1000,2043.726581
41.605921,1000,2045.758641
39.402989,1000,2051.180034
41.654635,1000,2053.478685
35.698776,1000,2058.720597
39.201232,1000,2060.89535
38.371751,1000,2066.387985
44.494189,1000,2068.579363
41.881932,1000,2074.195356
41.341661,1000,2076.52046
44.578937,1000,2082.144456
40.569457,1000,2084.53388
41.588771,1000,2090.06199
42.862111,1000,2092.181899
42.773169,1000,2097.870927
42.839987,1000,2099.962412
40.097974,1000,2102.086253
33.79089,1000,2107.719831
43.01147,1000,2109.896036
36.333203,1000,2115.071673
42.53213,1000,2117.283895
34.905324,1000,2122.800048
33.562146,1000,2125.285491
33.103138,1000,2131.018507
34.689625,1000,2133.225945
34.749782,1000,2138.695792
41.293601,1000,2140.946855
41.98814,1000,2146.490036
42.907234,1000,2148.802355
42.793622,1000,2154.49595
35.877564,1000,2156.806837
37.931152,1000,2162.783214
41.522675,1000,2164.927139
43.862921,1000,2170.155953
44.319787,1000,2172.364889
40.874434,1000,2178.045635
42.857798,1000,2180.428957
40.709775,1000,2185.906327
40.142424,1000,2188.182603
40.608285,1000,2193.635955
40.639382,1000,2195.792199
40.314676,1000,2201.146493
45.359639,1000,2203.342849
42.947175,1000,2209.283639
39.570182,1000,2211.40937
43.221999,1000,2216.789749
42.702798,1000,2218.904365
43.86391,1000,2224.768781
43.790511,1000,2227.110642
42.468804,1000,2232.652247
41.581532,1000,2234.974524
35.790999,1000,2240.090466
41.735313,1000,2242.397148
37.762632,1000,2247.658842
35.053446,1000,2249.887962
42.081163,1000,2255.442921
43.936764,1000,2257.691653
37.780242,1000,2263.350143
42.436274,1000,2265.665973
43.323552,1000,2268.03074
42.508103,1000,2273.644213
42.935921,1000,2276.100731
33.156065,1000,2281.338018
42.14752,1000,2283.477809
42.044131,1000,2289.487291
43.674484,1000,2291.748747
42.957124,1000,2297.383266
42.712788,1000,2299.634001
43.820439,1000,2305.378632
39.789084,1000,2307.601213
41.168214,1000,2313.101345
39.811213,1000,2315.38649
40.042956,1000,2320.910308
42.866104,1000,2323.239922
43.612721,1000,2329.139858
46.644288,1000,2331.308761
44.208553,1000,2336.626349
41.339412,1000,2338.924007
44.672256,1000,2344.094884
41.825375,1000,2346.421151
47.905327,1000,2352.108237
45.856264,1000,2354.329567
40.774968,1000,2359.842436
44.640254,1000,2361.941977
47.932283,1000,2367.504217
40.877682,1000,2369.924183
41.527782,1000,2375.53819
43.602321,1000,2377.879505
46.31383,1000,2383.555136
46.331944,1000,2385.750249
43.353425,1000,2391.092518
47.177271,1000,2393.425716
42.400071,1000,2398.858779
40.906352,1000,2401.045966
36.051772,1000,2406.256927
36.276909,1000,2408.554993
44.988765,1000,2413.888381
44.641032,1000,2416.055555
42.79796,1000,2421.674262
41.757099,1000,2423.967708
47.78042,1000,2429.394635
47.986651,1000,2431.733712
33.187534,1000,2434.179024
36.504727,1000,2439.634274
46.324824,1000,2441.847986
40.889838,1000,2447.662433
41.624093,1000,2449.736866
33.962297,1000,2455.596182
45.63064,1000,2457.913511
45.484878,1000,2463.230729
43.63217,1000,2465.55935
47.40603,1000,2471.032252
47.210321,1000,2473.291449
48.179249,1000,2479.04859
46.045621,1000,2481.287305
45.345761,1000,2486.886403
45.181698,1000,2489.052214
46.882289,1000,2494.214913
44.115952,1000,2496.633634
47.297532,1000,2502.116807
47.049879,1000,2504.450547
47.112858,1000,2510.145384
36.618435,1000,2512.371522
37.742696,1000,2517.88204
31.788336,1000,2520.079958
44.698739,1000,2525.465248
46.914582,1000,2527.666274
43.501858,1000,2533.211595
46.799908,1000,2535.563502
45.370154,1000,2541.040758
35.675788,1000,2543.209919
45.894207,1000,2549.018315
34.723466,1000,2551.234713
33.875656,1000,2556.371511
36.7636,1000,2558.50878
33.74177,1000,2563.626287
35.148779,1000,2565.81482
42.484719,1000,2571.74393
35.837182,1000,2574.007043
42.755359,1000,2579.562263
34.193372,1000,2581.913855
36.490631,1000,2587.327767
35.200786,1000,2589.675817
45.735064,1000,2595.164522
36.248529,1000,2597.314179
33.732599,1000,2599.511418
35.483733,1000,2605.21376
38.116419,1000,2607.573961
46.294314,1000,2612.759929
41.607308,1000,2614.839439
45.50527,1000,2620.32432
44.959002,1000,2622.555449
36.84795,1000,2628.030202
42.321975,1000,2630.370326
38.262463,1000,2636.135484
46.411301,1000,2638.373626
45.27954,1000,2643.735177
46.962719,1000,2645.933329
45.330391,1000,2651.295428
46.133142,1000,2653.45495
46.699736,1000,2658.776453
45.922028,1000,2660.952917
44.237402,1000,2666.19483
34.449014,1000,2668.373378
41.283621,1000,2673.695524
44.544214,1000,2675.997974
47.394402,1000,2681.545012
45.830744,1000,2683.786183
46.781582,1000,2689.510232
48.342327,1000,2691.818604
35.81541,1000,2697.56261
44.947029,1000,2699.854045
39.052269,1000,2705.396028
47.169786,1000,2707.474031
45.626957,1000,2713.025501
39.044881,1000,2715.227012
19.14592,1000,2721.145507
45.545488,1000,2723.358293
43.338483,1000,2728.773683
45.315965,1000,2730.981438
44.340771,1000,2736.480804
47.320756,1000,2738.726122
48.36867,1000,2744.162227
43.302656,1000,2746.364318
41.796212,1000,2752.138231
35.883377,1000,2754.402188
48.171808,1000,2759.675823
41.328487,1000,2761.981245
36.453681,1000,2764.282143
44.832581,1000,2769.595335
39.843196,1000,2771.79617
42.755091,1000,2777.571648
37.559873,1000,2779.794161
43.449043,1000,2785.648179
42.600705,1000,2788.027464
38.680852,1000,2793.756524
38.531069,1000,2796.097838
47.463982,1000,2801.790477
36.854118,1000,2803.976279
37.537615,1000,2809.660655
36.853991,1000,2811.885069
37.793884,1000,2817.924256
36.472013,1000,2820.192735
36.894583,1000,2826.038663
36.202668,1000,2828.167141
35.895733,1000,2833.832755
35.950487,1000,2835.957657
37.39192,1000,2841.614455
35.749624,1000,2843.915925
34.742331,1000,2849.361537
35.607158,1000,2851.535457
36.811693,1000,2857.418911
39.431039,1000,2859.563651
39.100412,1000,2865.615794
41.116034,1000,2867.842592
37.574451,1000,2873.633204
38.365658,1000,2875.854225
36.714058,1000,2881.625023
35.96131,1000,2883.973295
37.040447,1000,2889.633053
39.514576,1000,2891.87554
39.604536,1000,2897.379466
37.409523,1000,2899.473428
38.39154,1000,2905.249032
37.970832,1000,2907.493483
38.368048,1000,2913.2932
38.3777,1000,2915.515252
35.65976,1000,2921.210231
36.042993,1000,2923.399593
35.829431,1000,2925.572225
35.470925,1000,2931.441036
36.898563,1000,2933.780266
34.582615,1000,2939.093476
37.958949,1000,2941.200361
38.191387,1000,2946.679911
38.724736,1000,2948.964764
39.775493,1000,2954.460184
35.832058,1000,2956.555254
36.646021,1000,2961.658114
37.091712,1000,2963.83691
38.666215,1000,2969.105165
42.756836,1000,2971.122837
35.093664,1000,2976.292279
36.543327,1000,2978.591282
38.150485,1000,2984.155216
36.345409,1000,2986.42955
36.427412,1000,2992.158968
36.394495,1000,2994.29666
37.222022,1000,2999.587996
37.117045,1000,3001.852308
36.382394,1000,3007.516766
41.802769,1000,3009.388772
39.077093,1000,3014.755606
35.573385,1000,3017.054427
37.119964,1000,3022.716477
40.123012,1000,3025.030605
44.459103,1000,3030.815847
36.603092,1000,3032.973071
38.396908,1000,3038.36371
41.197009,1000,3040.621861
42.595168,1000,3046.272684
41.23346,1000,3048.630781
40.64994,1000,3053.73307
37.135716,1000,3055.963984
36.319092,1000,3061.273716
38.836413,1000,3063.464071
35.246772,1000,3068.820405
35.503145,1000,3070.976163
36.234273,1000,3076.48391
41.389655,1000,3078.755841
19.088884,1000,3084.38332
38.537039,1000,3086.649154
39.134167,1000,3088.846406
41.011162,1000,3094.11526
42.573999,1000,3096.385124
41.733163,1000,3101.824914
43.956645,1000,3104.079837
38.415636,1000,3109.76018
42.168667,1000,3111.993192
43.12882,1000,3117.653382
41.530726,1000,3119.998921
36.709726,1000,3125.523412
39.973902,1000,3127.68684
40.290888,1000,3133.543161
36.980777,1000,3135.803255
42.507316,1000,3141.321302
36.496638,1000,3143.659671
40.793712,1000,3149.402717
39.587159,1000,3151.77184
40.472548,1000,3157.722021
38.937653,1000,3160.019422
41.126909,1000,3165.413805
35.292622,1000,3167.490547
39.90451,1000,3172.96846
35.055852,1000,3175.13987
36.789932,1000,3180.82906
43.291452,1000,3182.952796
40.288126,1000,3188.575494
42.66572,1000,3190.980151
40.570026,1000,3196.67771
42.838393,1000,3198.785065
40.618299,1000,3204.618665
39.048439,1000,3206.875816
40.233033,1000,3212.653494
43.273538,1000,3214.844858
43.297746,1000,3220.786976
41.235879,1000,3223.051606
39.770872,1000,3228.812587
41.353706,1000,3231.24512
37.922432,1000,3236.847861
39.954386,1000,3238.926642
43.593277,1000,3247.264599
39.279938,1000,3249.457307
40.13427,1000,3255.344346
38.981449,1000,3257.545375
37.230027,1000,3259.843175
38.152659,1000,3265.418337
41.202408,1000,3267.576607
42.911931,1000,3273.328015
38.689935,1000,3275.674931
40.903959,1000,3281.202532
38.277208,1000,3283.639696
36.037682,1000,3289.65533
35.393455,1000,3291.910234
37.679468,1000,3297.752995
38.631451,1000,3299.81711
36.257176,1000,3305.838699
37.264968,1000,3308.059593
36.566666,1000,3313.496128
39.020327,1000,3315.626769
38.506261,1000,3321.693092
37.687264,1000,3323.971661
37.768078,1000,3329.518897
39.205762,1000,3331.865304
40.162806,1000,3337.464961
40.190907,1000,3339.768944
42.008109,1000,3345.654939
39.601184,1000,3347.873201
35.953706,1000,3353.27973
36.704209,1000,3355.386189
39.151411,1000,3360.835392
40.375634,1000,3363.114447
40.280913,1000,3368.730889
38.696206,1000,3370.927492
35.808238,1000,3376.858035
42.887861,1000,3379.028855
43.832427,1000,3384.454429
35.444467,1000,3386.710344
35.642491,1000,3392.062699
34.987908,1000,3394.234447
36.48191,1000,3399.712032
35.508164,1000,3401.959666
37.285229,1000,3407.584009
36.071545,1000,3409.709597
38.766291,1000,3415.463534
35.057222,1000,3417.636043
42.026567,1000,3423.68197
39.072467,1000,3426.057431
38.210334,1000,3428.246629
34.368782,1000,3434.040522
39.576849,1000,3436.31427
37.398162,1000,3442.061608
39.632024,1000,3444.344359
36.769726,1000,3449.986344
40.382692,1000,3452.32689
40.968108,1000,3458.144739
39.16308,1000,3460.391557
41.03265,1000,3466.139276
37.73699,1000,3468.424954
39.127256,1000,3474.213763
45.439701,1000,3476.483149
40.525677,1000,3482.209329
38.12736,1000,3484.378956
37.236632,1000,3490.196515
38.203628,1000,3492.438504
37.149802,1000,3498.417166
40.946403,1000,3500.560555
37.8615,1000,3506.272793
37.315134,1000,3508.626586
35.47305,1000,3514.163765
38.878739,1000,3516.247081
38.478422,1000,3522.540313
37.51668,1000,3524.636756
38.843881,1000,3529.975786
36.621426,1000,3532.127777
44.725797,1000,3537.571539
37.109348,1000,3539.794224
40.295987,1000,3545.756028
42.945266,1000,3547.98767
44.681461,1000,3553.663686
45.129721,1000,3556.01847
43.510986,1000,3561.946692
46.336365,1000,3564.150361
40.337735,1000,3569.677981
39.429617,1000,3571.958919
44.47546,1000,3578.030331
38.350831,1000,3580.373791
41.016453,1000,3585.760863
44.949735,1000,3587.951162
44.254653,1000,3593.7156
40.293566,1000,3596.145154
38.678559,1000,3598.596316
37.43578,1000,3604.131807
40.308631,1000,3606.439874
38.848854,1000,3612.213072
52.183463,1000,3614.379704
43.682379,1000,3620.022348
36.219195,1000,3622.171757
40.123719,1000,3627.755213
45.339058,1000,3629.808689
45.767164,1000,3635.590329
42.112406,1000,3638.001178
46.357289,1000,3643.859821
42.948152,1000,3646.109857
40.62018,1000,3651.57339
44.81596,1000,3653.881595
45.89054,1000,3659.088396
43.236614,1000,3661.331528
45.904675,1000,3666.777869
42.890263,1000,3668.951875
45.130764,1000,3674.284648
44.963722,1000,3676.592734
42.96561,1000,3682.290868
45.480555,1000,3684.504478
44.170025,1000,3690.472167
42.738755,1000,3692.665251
46.199605,1000,3698.610749
45.566555,1000,3701.071198
45.519413,1000,3706.898209
45.387231,1000,3709.139642
42.74936,1000,3714.852548
45.031563,1000,3717.108526
43.810852,1000,3722.812965
44.219896,1000,3725.021184
42.900398,1000,3730.931204
45.740122,1000,3733.205789
43.169165,1000,3739.009538
47.793697,1000,3741.280368
55.653918,1000,3746.409842
42.888378,1000,3748.633867
44.482931,1000,3754.314209
56.512182,1000,3756.535843
48.147408,1000,3762.208151
46.175086,1000,3764.515372
53.255551,1000,3766.638855
50.412964,1000,3772.439212
53.675706,1000,3774.655034
44.465617,1000,3780.746713
52.606496,1000,3783.010577
40.373294,1000,3788.853315
38.72509,1000,3790.995648
42.99128,1000,3796.675749
44.791044,1000,3798.829358
38.818108,1000,3804.455994
43.435807,1000,3806.532393
44.159071,1000,3812.408659
44.672485,1000,3814.56002
45.844581,1000,3820.028466
42.792768,1000,3822.357221
44.674082,1000,3827.74967
48.648548,1000,3830.009063
43.154517,1000,3835.65561
44.564244,1000,3837.88003
45.758543,1000,3843.706606
43.97926,1000,3845.931977
45.528598,1000,3851.60744
43.696561,1000,3853.843177
44.996254,1000,3859.577904
44.551538,1000,3861.918196
43.703821,1000,3868.083315
45.825598,1000,3870.300969
54.215011,1000,3876.362606
41.706232,1000,3878.700292
44.631833,1000,3884.789753
44.086334,1000,3887.128896
40.370475,1000,3892.977848
47.029902,1000,3895.294991
47.06368,1000,3901.152996
49.045212,1000,3903.456033
49.919281,1000,3908.75825
44.40303,1000,3910.85306
47.587374,1000,3916.145215
44.514428,1000,3918.311758
41.440396,1000,3923.93765
46.755445,1000,3926.253546
48.896751,1000,3928.455667
48.408885,1000,3934.394844
46.051991,1000,3936.474935
43.340781,1000,3942.194572
50.97855,1000,3944.328746
47.448928,1000,3950.069793
42.872401,1000,3952.150402
45.026867,1000,3958.225466
45.3594,1000,3960.154674
45.466075,1000,3965.944458
46.271466,1000,3968.296149
47.035924,1000,3974.141941
44.407176,1000,3976.052942
50.48498,1000,3981.784108
45.241186,1000,3983.91561
45.126513,1000,3989.783697
44.632953,1000,3991.907558
49.590389,1000,3997.483721
43.020877,1000,3999.653743
49.710778,1000,4005.529594
51.785843,1000,4007.67277
44.303177,1000,4013.470318
50.510769,1000,4015.728692
42.394962,1000,4021.555758
43.444447,1000,4023.795721
43.956719,1000,4029.613369
43.189859,1000,4031.884236
45.873569,1000,4037.566305
43.621689,1000,4039.712806
45.187787,1000,4045.681816
37.85668,1000,4047.798927
43.808168,1000,4053.464792
43.767133,1000,4055.536054
46.296396,1000,4060.836517
44.564302,1000,4063.148674
43.094174,1000,4069.166174
45.191727,1000,4071.328401
51.061111,1000,4079.830679
44.378669,1000,4081.957998
37.973654,1000,4087.692276
38.888198,1000,4089.837249
44.182916,1000,4095.708432
42.615315,1000,4097.937865
44.268201,1000,4100.406017
46.61185,1000,4106.02492
43.587372,1000,4108.198966
47.347902,1000,4114.220372
45.113106,1000,4116.495747
53.921721,1000,4122.10164
42.654276,1000,4124.466478
45.400498,1000,4129.8858
46.8749,1000,4132.321306
52.057006,1000,4137.830932
43.097647,1000,4140.143207
46.761434,1000,4145.906148
44.403753,1000,4148.066937
43.343063,1000,4153.949378
45.677866,1000,4156.375929
43.167493,1000,4161.903234
43.354994,1000,4164.144042
43.259373,1000,4169.456231
46.073976,1000,4171.734403
45.503304,1000,4177.255243
44.611236,1000,4179.187911
45.745962,1000,4185.017723
46.823575,1000,4187.306377
44.703376,1000,4193.006481
45.079829,1000,4195.326243
47.236401,1000,4200.746431
44.929837,1000,4202.848096
44.702793,1000,4208.462679
44.67513,1000,4210.698604
43.848847,1000,4216.528737
45.95419,1000,4218.935091
45.253875,1000,4224.924652
43.763628,1000,4227.128381
49.643983,1000,4232.926888
48.950063,1000,4235.179342
45.592206,1000,4240.516886
44.901968,1000,4242.762845
44.686798,1000,4248.139829
43.928928,1000,4250.311571
47.660095,1000,4255.672967
44.586105,1000,4257.917802
44.375354,1000,4263.10458
45.205278,1000,4265.234741
47.759291,1000,4267.456727
47.742121,1000,4273.160877
45.527331,1000,4275.290651
49.824606,1000,4281.185883
45.594937,1000,4283.423178
46.615607,1000,4289.412616
48.079586,1000,4291.600692
46.444068,1000,4297.755553
44.850421,1000,4299.918943
45.84237,1000,4305.703808
44.381029,1000,4307.952932
43.333284,1000,4313.736357
46.507405,1000,4315.994479
48.308479,1000,4321.972001
48.121319,1000,4324.206988
46.789065,1000,4329.919341
45.342423,1000,4332.069891
46.728146,1000,4337.786761
46.345554,1000,4339.860739
45.196505,1000,4345.21716
50.106069,1000,4347.585462
44.268973,1000,4353.368136
47.375566,1000,4355.516419
47.714873,1000,4361.307415
47.353588,1000,4363.469501
46.887851,1000,4369.488133
46.204636,1000,4371.619958
46.124376,1000,4377.291684
48.843097,1000,4379.57484
46.486421,1000,4385.671854
47.841217,1000,4387.924845
46.827967,1000,4393.756007
50.198995,1000,4396.028467
50.526312,1000,4402.138326
47.512449,1000,4404.309403
44.413374,1000,4409.95444
46.155697,1000,4412.154836
46.943846,1000,4417.737032
55.641165,1000,4419.956249
48.670572,1000,4425.440529
45.597977,1000,4427.718177
44.786708,1000,4433.544529
43.655373,1000,4436.001567
45.196383,1000,4438.178561
48.864074,1000,4443.860956
47.347281,1000,4445.893728
56.164202,1000,4451.428926
46.073169,1000,4453.600564
45.371043,1000,4459.338564
47.375766,1000,4461.580032
39.05416,1000,4467.157117
40.75415,1000,4469.415455
45.388973,1000,4475.30795
47.072795,1000,4477.389999
48.666044,1000,4482.813928
46.879278,1000,4484.925711
46.033695,1000,4490.147413
45.287357,1000,4492.37499
45.369844,1000,4498.285569
48.15949,1000,4500.651399
48.192504,1000,4506.442654
48.151841,1000,4508.658727
43.589853,1000,4514.433081
45.687469,1000,4516.68222
46.774028,1000,4521.950096
46.572202,1000,4524.205467
42.447286,1000,4530.247555
47.110024,1000,4532.46358
47.358307,1000,4538.48504
47.432142,1000,4540.698489
41.882693,1000,4546.24899
44.388561,1000,4548.659221
45.081211,1000,4554.141479
46.554961,1000,4556.604575
43.644279,1000,4561.841902
42.75994,1000,4563.997963
46.182115,1000,4569.355394
48.081817,1000,4571.615109
46.645312,1000,4577.768782
34.466769,1000,4580.123068
47.624918,1000,4586.082177
44.638033,1000,4588.403742
46.210925,1000,4594.03187
38.519688,1000,4596.314888
43.769337,1000,4602.372375
43.741697,1000,4604.64748
46.607282,1000,4606.629389
42.219995,1000,4612.00384
37.057313,1000,4614.139893
45.529054,1000,4620.018677
44.517052,1000,4622.302753
47.027997,1000,4628.181912
45.867035,1000,4630.326352
47.271581,1000,4636.262024
33.494833,1000,4638.390568
32.406203,1000,4643.855237
-3.975239,1000,4646.036004
47.874253,1000,4651.889593
30.974111,1000,4653.851793
45.439676,1000,4659.21749
40.476521,1000,4661.390996
26.906041,1000,4666.868296
37.159126,1000,4669.036992
43.640965,1000,4674.893481
43.964642,1000,4677.255287
46.070221,1000,4683.061236
43.642885,1000,4685.67891
45.768283,1000,4691.523446
45.228881,1000,4694.017158
32.668925,1000,4700.063637
47.188647,1000,4702.370453
42.50211,1000,4707.997663
38.02073,1000,4710.234988
44.695481,1000,4715.758145
41.677065,1000,4718.224047
38.440523,1000,4724.001654
49.701875,1000,4726.488595
44.24207,1000,4732.343906
40.510331,1000,4734.694021
41.14931,1000,4740.386372
45.139755,1000,4742.639261
50.021878,1000,4748.229971
36.620541,1000,4750.293815
46.904271,1000,4755.4629
44.282888,1000,4757.666171
48.212445,1000,4763.189212
47.443858,1000,4765.344387
46.758708,1000,4770.815407
44.889839,1000,4773.001394
46.409953,1000,4775.281523
45.284514,1000,4781.015521
40.761681,1000,4783.399494
48.367972,1000,4789.386752
33.647725,1000,4791.698547
37.292082,1000,4797.569473
47.237591,1000,4799.747023
46.842926,1000,4805.126826
46.530243,1000,4807.411034
46.813615,1000,4813.090265
4.072727,1000,4815.341964
-1.957479,1000,4821.10742
24.303185,1000,4823.619037
46.279687,1000,4828.998899
43.924831,1000,4831.230873
42.711538,1000,4836.65248
45.737046,1000,4838.966375
47.060837,1000,4844.548318
36.017461,1000,4846.902796
42.811279,1000,4852.542924
40.751178,1000,4854.728454
36.608783,1000,4860.772282
40.602959,1000,4862.925839
47.415991,1000,4868.786265
44.717812,1000,4870.99671
47.656409,1000,4876.686496
46.853261,1000,4879.191177
46.91795,1000,4884.582634
34.103666,1000,4886.802865
36.759254,1000,4892.832682
46.545319,1000,4895.096281
41.682824,1000,4900.949655
37.68793,1000,4903.099083
42.884042,1000,4908.664953
44.797215,1000,4910.884001
46.69188,1000,4916.455113
45.577871,1000,4918.610636
53.647495,1000,4924.198538
43.800238,1000,4926.357267
47.072023,1000,4932.179287
41.694653,1000,4934.397409
48.584051,1000,4936.559434
47.842697,1000,4942.247682
41.328365,1000,4944.45155
44.020843,1000,4949.704865
47.758581,1000,4951.831535
47.411896,1000,4957.518556
43.869422,1000,4959.656956
41.744327,1000,4965.289379
41.672949,1000,4967.655151
48.199603,1000,4973.167197
45.785625,1000,4975.510242
45.887102,1000,4981.233028
42.04571,1000,4983.291047
42.953898,1000,4989.073425
47.131949,1000,4991.371266
45.579688,1000,4997.357348
39.773989,1000,4999.486394
45.947242,1000,5005.189342
46.015505,1000,5007.432255
45.518729,1000,5013.218093
43.097557,1000,5015.598681
47.893288,1000,5021.491115
43.8783,1000,5023.646601
45.361467,1000,5029.818273
49.376387,1000,5032.030411
50.723491,1000,5037.538678
47.000473,1000,5039.662162
44.46964,1000,5045.313994
46.853305,1000,5047.570895
56.55731,1000,5053.018709
50.853761,1000,5055.115266
50.133035,1000,5061.020277
54.333339,1000,5063.259419
59.50646,1000,5069.325253
54.30886,1000,5071.531444
53.187599,1000,5077.296183
57.528276,1000,5079.278679
55.145534,1000,5084.877171
50.624258,1000,5087.069001
49.766453,1000,5093.591628
55.180763,1000,5095.883461
58.357659,1000,5101.560241
61.516268,1000,5103.690767
54.424996,1000,5105.888722
54.744044,1000,5111.626635
58.31636,1000,5113.772986
53.982117,1000,5119.391158
54.397518,1000,5121.582787
43.31018,1000,5127.538189
63.973041,1000,5129.640189
56.290958,1000,5135.549043
52.409451,1000,5137.719868
64.920413,1000,5143.65339
49.089562,1000,5145.877543
53.394715,1000,5151.57693
59.22723,1000,5153.51524
37.957416,1000,5159.601881
52.037518,1000,5161.699222
49.620748,1000,5167.674607
35.926344,1000,5169.797508
49.44045,1000,5176.015358
52.723561,1000,5178.209149
57.955288,1000,5184.243552
49.072502,1000,5186.50456
50.2882,1000,5192.144711
61.727056,1000,5194.265999
57.11861,1000,5200.191737
49.888903,1000,5202.445816
53.726931,1000,5208.6758
54.434511,1000,5210.937126
52.709994,1000,5216.622323
56.625434,1000,5218.889957
54.177177,1000,5224.514192
50.555456,1000,5226.664407
40.827961,1000,5232.347343
-6.432723,1000,5234.732328
46.779795,1000,5240.54716
33.067604,1000,5242.714425
29.368023,1000,5248.458581
55.336065,1000,5250.830478
53.346556,1000,5256.695442
52.949178,1000,5259.022619
45.162389,1000,5264.732292
42.535636,1000,5266.96052
46.240631,1000,5273.100902
49.018275,1000,5275.279701
42.278416,1000,5277.507562
38.990662,1000,5282.979213
38.91626,1000,5285.115714
46.577553,1000,5290.802204
55.786966,1000,5292.932085
52.25091,1000,5298.893254
45.345761,1000,5301.035159
0.920062,1000,5306.845126
48.41281,1000,5309.161514
46.614792,1000,5314.960035
56.978476,1000,5317.274691
38.558764,1000,5323.232733
52.507219,1000,5325.510471
43.269166,1000,5331.664521
36.590825,1000,5334.001621
47.93784,1000,5340.240986
50.668689,1000,5342.434795
48.114261,1000,5348.179209
55.144113,1000,5350.393228
50.676266,1000,5356.259909
43.061743,1000,5358.47308
56.077989,1000,5364.237372
51.724279,1000,5366.56416
41.362934,1000,5372.451867
63.432576,1000,5374.714842
54.559175,1000,5380.822981
55.176811,1000,5382.853356
55.12859,1000,5388.8634
54.977041,1000,5391.045918
59.030752,1000,5397.043104
42.724024,1000,5399.172075
61.191552,1000,5405.141458
56.377104,1000,5407.280987
63.213846,1000,5413.018595
59.299699,1000,5415.135241
60.73913,1000,5421.067658
57.883939,1000,5423.452085
52.151295,1000,5429.414678
64.605698,1000,5431.538893
50.020539,1000,5437.320578
45.52584,1000,5439.523422
58.324296,1000,5445.96733
55.305914,1000,5448.034024
60.694456,1000,5450.213983
64.780803,1000,5455.831765
61.47876,1000,5457.942771
60.577048,1000,5463.662219
61.635956,1000,5465.754416
61.022561,1000,5471.585686
61.233707,1000,5473.702729
64.611265,1000,5479.304209
58.036584,1000,5481.403557
58.878118,1000,5487.763023
58.299581,1000,5489.887204
55.335834,1000,5495.51758
54.90634,1000,5497.654538
54.413984,1000,5503.540784
48.321688,1000,5505.718092
54.150928,1000,5511.182154
48.039006,1000,5513.367694
45.510819,1000,5519.167007
48.919931,1000,5521.426737
49.631109,1000,5527.293194
52.585118,1000,5529.647434
57.915542,1000,5535.186497
51.387236,1000,5537.601438
50.5336,1000,5543.533274
58.198811,1000,5545.896525
47.184117,1000,5551.352627
64.233956,1000,5553.537602
60.21772,1000,5559.424391
52.624797,1000,5561.75656
50.217254,1000,5568.208314
61.082481,1000,5570.382474
57.792176,1000,5576.107181
61.394322,1000,5578.247618
60.82656,1000,5583.781826
54.248919,1000,5586.030413
62.002185,1000,5591.936775
52.758564,1000,5594.2062
58.005053,1000,5600.022589
42.581785,1000,5602.220341
44.236539,1000,5608.442288
53.822032,1000,5610.699504
52.443027,1000,5616.750897
42.595432,1000,5619.051527
52.707438,1000,5621.19328
44.627842,1000,5626.903171
21.308043,1000,5629.145777
53.034962,1000,5634.844777
5.754606,1000,5637.025523
40.358334,1000,5642.708866
38.423365,1000,5644.675651
24.598195,1000,5650.558933
19.703537,1000,5652.798228
36.211554,1000,5658.854612
11.21618,1000,5661.040426
-5.405672,1000,5666.971236
13.841741,1000,5669.052167
12.971623,1000,5674.325063
11.923862,1000,5676.608268
14.441705,1000,5682.441976
18.994851,1000,5684.704315
18.729382,1000,5690.505769
15.848727,1000,5692.740475
21.09305,1000,5698.481954
20.909941,1000,5700.683015
19.096161,1000,5706.426479
19.294152,1000,5708.57801
19.920533,1000,5714.149148
18.925723,1000,5716.309103
23.142261,1000,5722.000347
43.122154,1000,5724.019957
33.110569,1000,5729.586936
28.435553,1000,5731.726266
30.796467,1000,5737.619211
-11.435904,1000,5739.889832
44.169155,1000,5745.719864
45.490668,1000,5748.053473
37.771334,1000,5753.645751
49.950183,1000,5755.79609
42.1292,1000,5761.454582
49.128175,1000,5763.486058
50.359101,1000,5769.178429
50.789531,1000,5771.393462
49.761809,1000,5777.040315
46.543985,1000,5779.253203
47.036622,1000,5784.871539
52.484557,1000,5786.99903
51.314834,1000,5789.244088
48.759072,1000,5794.793943
45.593944,1000,5797.030284
48.142731,1000,5802.888156
45.736926,1000,5805.18628
55.500115,1000,5811.487234
57.578913,1000,5813.707952
57.206339,1000,5819.660414
49.130216,1000,5821.782775
55.359917,1000,5827.656692
48.776748,1000,5829.721791
52.768963,1000,5835.660167
49.381089,1000,5837.888038
31.582912,1000,5843.851635
59.748285,1000,5846.065259
44.301316,1000,5851.895136
51.468552,1000,5854.160159
46.053273,1000,5860.074267
46.444653,1000,5862.203746
48.410297,1000,5867.865366
50.012813,1000,5870.153904
52.858277,1000,5875.784162
50.766407,1000,5877.985848
55.087972,1000,5884.255589
56.521959,1000,5886.398594
35.327757,1000,5892.387822
40.815032,1000,5894.478948
16.754336,1000,5900.199341
54.555095,1000,5902.37751
39.891144,1000,5908.384425
61.447816,1000,5910.434186
61.984115,1000,5916.77959
49.201625,1000,5919.261199
48.705191,1000,5924.538265
56.745665,1000,5926.764749
55.013534,1000,5932.601308
51.421949,1000,5934.931638
55.674882,1000,5940.726089
46.972643,1000,5943.023096
50.394462,1000,5949.249696
36.491412,1000,5951.583367
51.804093,1000,5953.650313
24.624673,1000,5959.202623
-0.71392,1000,5961.37769
19.686025,1000,5967.495465
22.330838,1000,5969.675727
21.344752,1000,5975.514524
-30.275499,1000,5977.752511
-43.820079,1000,5983.356025
6.581304,1000,5985.514873
-13.172471,1000,5991.16592
5.907122,1000,5993.309792
26.284036,1000,5999.026519
7.867878,1000,6001.224504
5.09283,1000,6007.011883
15.365901,1000,6009.329541
13.557711,1000,6014.813236
28.814898,1000,6017.019651
10.649314,1000,6022.84772
28.050623,1000,6024.974041
11.267318,1000,6030.819543
1.696286,1000,6033.176056
16.518103,1000,6038.953938
22.258248,1000,6041.265729
-2.265376,1000,6046.999969
26.857184,1000,6049.317765
11.153605,1000,6057.926182
20.752727,1000,6060.212664
47.49363,1000,6066.210311
32.395549,1000,6068.405485
40.950305,1000,6074.129055
34.774658,1000,6076.335182
4.085289,1000,6081.930589
51.986406,1000,6084.260599
39.476581,1000,6090.068661
33.942099,1000,6092.312334
31.288114,1000,6097.991932
36.82484,1000,6100.073804
37.825115,1000,6105.778452
33.018671,1000,6108.282591
39.493242,1000,6114.202987
41.97065,1000,6116.495337
36.41136,1000,6122.158012
33.65403,1000,6124.415952
39.275472,1000,6126.440549
42.421186,1000,6132.552846
40.310929,1000,6134.741248
42.117606,1000,6140.625566
39.681425,1000,6142.715383
43.362395,1000,6148.470475
38.778417,1000,6150.776834
42.919195,1000,6157.042487
40.728535,1000,6159.44407
44.420467,1000,6165.396902
43.719236,1000,6167.506704
43.220539,1000,6173.14257
36.792807,1000,6175.206305
41.951713,1000,6180.71524
42.632554,1000,6182.923399
43.059948,1000,6188.430728
41.253527,1000,6190.659985
42.587222,1000,6196.390641
44.224169,1000,6198.536484
42.422959,1000,6204.256896
42.390542,1000,6206.353408
43.329831,1000,6211.985077
37.310297,1000,6214.151011
41.869899,1000,6220.353506
45.544422,1000,6222.553961
44.502475,1000,6228.738215
44.874365,1000,6230.917586
46.270448,1000,6236.606409
42.182575,1000,6238.890937
44.362457,1000,6244.650599
45.092366,1000,6246.917052
43.704431,1000,6252.547365
45.024859,1000,6254.712319
46.535833,1000,6260.518627
42.917554,1000,6262.746981
43.230496,1000,6268.763854
43.302551,1000,6270.969202
44.495851,1000,6276.867738
44.823056,1000,6279.088377
45.232136,1000,6285.20863
46.296865,1000,6287.511761
12.717984,1000,6293.341724
41.106448,1000,6295.781082
8.657833,1000,6298.040997
43.0542,1000,6303.882038
18.16902,1000,6306.430891
0.475888,1000,6312.578088
44.459447,1000,6314.713962
44.266298,1000,6320.592559
5.771832,1000,6323.020757
43.583406,1000,6328.967463
44.340301,1000,6330.897058
47.706968,1000,6337.005823
45.471589,1000,6339.235011
44.486094,1000,6345.203367
48.031425,1000,6347.367923
44.652759,1000,6353.157699
48.183172,1000,6355.179216
46.073732,1000,6361.547194
47.978573,1000,6363.838202
45.588544,1000,6369.80572
45.451863,1000,6371.928304
47.684426,1000,6377.667216
43.975369,1000,6379.832683
43.83102,1000,6385.442998
43.8855,1000,6387.612192
46.394724,1000,6393.359012
46.254887,1000,6395.628428
44.50944,1000,6401.729689
42.313521,1000,6404.08631
43.680383,1000,6409.752604
45.625039,1000,6411.946654
32.39599,1000,6417.617258
44.895201,1000,6419.840723
46.645223,1000,6425.794375
43.737542,1000,6428.093023
45.821596,1000,6433.838664
41.623691,1000,6436.055331
42.670005,1000,6442.010897
43.603084,1000,6444.195907
45.644897,1000,6449.845474
47.484628,1000,6452.024555
46.428021,1000,6457.565843
47.655868,1000,6459.611997
44.285256,1000,6465.62538
43.884632,1000,6467.815919
45.122351,1000,6470.234942
46.070312,1000,6476.056246
46.326054,1000,6478.423837
45.895859,1000,6484.21358
46.041444,1000,6486.513756
50.149584,1000,6492.664597
44.78414,1000,6494.920678
44.85532,1000,6500.763653
47.24709,1000,6503.004166
48.271672,1000,6508.635569
44.485985,1000,6511.108008
49.666614,1000,6516.971363
49.239287,1000,6519.143682
48.989392,1000,6524.709648
48.834308,1000,6526.843926
44.231387,1000,6533.036391
49.226941,1000,6535.251821
29.627508,1000,6540.850434
48.332274,1000,6543.039983
47.637857,1000,6549.045934
46.331163,1000,6551.139517
47.791375,1000,6557.219673
47.579326,1000,6559.410033
51.357243,1000,6565.1357
49.278859,1000,6567.123948
46.567003,1000,6573.122283
48.63651,1000,6575.294642
31.593168,1000,6581.34031
48.147044,1000,6583.47067
46.06319,1000,6589.404984
50.02242,1000,6591.504807
51.625428,1000,6597.141601
48.482854,1000,6599.353172
51.444267,1000,6605.091102
49.365684,1000,6607.3795
47.222201,1000,6613.265902
50.311544,1000,6615.367514
15.602841,1000,6621.190576
47.051401,1000,6623.361426
49.224074,1000,6628.957836
51.813622,1000,6631.23084
48.066598,1000,6637.171093
48.754099,1000,6639.439311
50.201684,1000,6641.588729
44.906571,1000,6647.537578
49.76906,1000,6649.62084
46.755144,1000,6656.010657
50.716825,1000,6658.133924
50.93918,1000,6664.32691
17.560384,1000,6666.331481
47.530481,1000,6672.665535
50.368201,1000,6674.769109
42.643645,1000,6680.595782
29.09958,1000,6682.70213
49.148902,1000,6688.463555
22.707515,1000,6690.62989
44.343541,1000,6696.34235
46.922821,1000,6698.548727
46.535141,1000,6704.482982
38.988461,1000,6706.477046
34.188235,1000,6712.428718
33.459606,1000,6714.440932
33.612393,1000,6720.593381
51.529174,1000,6722.685468
46.847003,1000,6728.510622
52.242717,1000,6730.475684
51.687113,1000,6736.539131
53.721795,1000,6738.672811
49.217306,1000,6744.220707
46.25145,1000,6746.403126
50.721184,1000,6752.279429
30.416517,1000,6754.537086
46.655202,1000,6760.615202
52.455974,1000,6762.904756
48.723635,1000,6768.826404
52.283152,1000,6771.100815
50.465522,1000,6777.181199
48.083982,1000,6779.451686
52.899892,1000,6785.054555
53.704424,1000,6787.132045
47.528795,1000,6793.176418
48.339657,1000,6795.407423
50.678818,1000,6801.382887
53.340389,1000,6803.729029
53.32947,1000,6809.947176
54.186031,1000,6812.400219
52.173309,1000,6814.651888
52.990517,1000,6820.550238
48.915066,1000,6822.740053
49.820564,1000,6828.485097
56.768286,1000,6830.674578
55.297602,1000,6836.804503
55.677793,1000,6838.851801
57.334597,1000,6844.402586
55.006752,1000,6846.556625
52.447155,1000,6852.564127
53.212131,1000,6854.648382
55.486248,1000,6861.026551
52.242489,1000,6863.144451
54.722242,1000,6868.77356
57.082958,1000,6870.748985
51.810842,1000,6876.79843
54.42805,1000,6878.847842
59.159653,1000,6884.77051
53.359042,1000,6886.980235
53.323136,1000,6892.854994
52.675158,1000,6895.000349
54.956206,1000,6900.610421
51.115838,1000,6902.86156
51.468273,1000,6908.975671
55.353827,1000,6911.142508
51.736169,1000,6917.314174
50.05672,1000,6919.495506
56.581409,1000,6925.786747
26.594968,1000,6928.050606
58.317379,1000,6933.944798
18.830937,1000,6936.179837
55.82112,1000,6942.150972
54.321817,1000,6944.302124
56.937829,1000,6949.885796
56.708236,1000,6952.112163
22.325199,1000,6958.051786
55.359557,1000,6960.378102
55.392251,1000,6966.161658
15.364159,1000,6968.418556
55.01296,1000,6974.168969
50.049288,1000,6976.352825
49.51082,1000,6978.463092
56.906722,1000,6984.353208
56.204589,1000,6986.655753
55.172969,1000,6992.446374
50.299785,1000,6994.594226
52.884658,1000,7000.553009
54.342643,1000,7002.739429
54.643003,1000,7008.70941
57.870395,1000,7010.903399
55.73225,1000,7016.450603
57.915419,1000,7018.596277
54.438047,1000,7024.698607
50.383276,1000,7026.969644
53.176498,1000,7032.817215
53.848351,1000,7035.165396
55.471662,1000,7040.870906
52.898535,1000,7043.185814
56.945263,1000,7052.164039
37.571771,1000,7054.43537
42.576018,1000,7060.833297
33.542596,1000,7063.19441
40.501743,1000,7069.19976
53.4893,1000,7071.448727
45.100473,1000,7077.454226
57.380049,1000,7079.616525
53.608772,1000,7085.383366
55.280717,1000,7087.487387
